seed,arm,arm_description,ticket_id,severity_actual,severity_predicted,severity_confidence,critical_probability,severity_eval_split,duplicate_of,recall_at_5,average_precision,napfd,total_wall_time_s,network_bytes,messages,llm_tokens_estimated,cpu_seconds,peak_memory_bytes,human_approved,full_deploy_requested,full_deploy_executed,deployment_success,rollback,lead_time_hours_simulated,recovery_hours_simulated,reworked,fault_rank,dataset_version
42,A0,"Rule-based, single process",TCK-00000,Low,Low,0.8536555936403968,0.04827540796263347,False,,1.0,1.0,0.49,0.00013860000217391644,0,0.0,0.0,0.0,3412,False,False,False,True,False,0.05,0.0,1,,synthetic-eval-v1
42,A0,"Rule-based, single process",TCK-00001,Medium,Medium,0.8535214524329849,0.048706851117491116,False,,1.0,1.0,0.49,8.270000034826808e-05,0,0.0,0.0,0.0,7538,False,False,False,True,False,1.0082700000348268,0.0,0,,synthetic-eval-v1
42,A0,"Rule-based, single process",TCK-00002,High,High,0.8679932976062199,0.043676508277306146,False,,1.0,1.0,0.49,8.089999755611643e-05,0,0.0,0.0,0.0,11768,True,False,False,True,False,2.0080899997556116,0.0,0,3,synthetic-eval-v1
42,A0,"Rule-based, single process",TCK-00003,Critical,Critical,0.8551639842327763,0.8551639842327763,False,,1.0,1.0,0.49,8.309999975608662e-05,0,0.0,0.0,0.0,15970,False,False,False,False,False,3.0083099999756087,0.0,0,4,synthetic-eval-v1
42,A0,"Rule-based, single process",TCK-00004,Low,Low,0.8457736308403975,0.049899199954870244,False,,1.0,1.0,0.49,8.22000019979896e-05,0,0.0,0.0,0.0,20202,False,False,False,True,False,4.008220000199799,0.0,0,,synthetic-eval-v1
42,A0,"Rule-based, single process",TCK-00005,Medium,Medium,0.8535210612190122,0.048706824764992857,False,,1.0,1.0,0.49,8.270000216725748e-05,0,0.0,0.0,0.0,24498,False,False,False,True,False,5.008270000216726,0.0,0,,synthetic-eval-v1
42,A0,"Rule-based, single process",TCK-00006,High,High,0.8426233135785252,0.05362838541657466,False,,1.0,1.0,0.49,8.550000165996607e-05,0,0.0,0.0,0.0,28762,False,False,False,True,False,6.008550000165997,0.0,0,7,synthetic-eval-v1
42,A0,"Rule-based, single process",TCK-00007,Critical,Critical,0.8242224414373359,0.8242224414373359,False,TCK-00006,1.0,2.0,0.49,8.200000229408033e-05,0,0.0,0.0,0.0,33016,True,False,False,True,False,7.008200000229408,0.0,0,8,synthetic-eval-v1
42,A0,"Rule-based, single process",TCK-00008,Low,Low,0.8561084929993047,0.049630284029602345,False,,1.0,1.0,0.49,8.22000019979896e-05,0,0.0,0.0,0.0,37282,True,False,False,True,False,8.008220000199799,0.0,0,,synthetic-eval-v1
42,A0,"Rule-based, single process",TCK-00009,Medium,Medium,0.8269440344903481,0.05803353934069624,False,,1.0,1.0,0.49,8.180000077118166e-05,0,0.0,0.0,0.0,41532,False,False,False,True,False,9.008180000077118,0.0,0,,synthetic-eval-v1
42,A0,"Rule-based, single process",TCK-00010,High,High,0.8345466635320546,0.05289431726607776,False,,1.0,1.0,0.49,8.060000072873663e-05,0,0.0,0.0,0.0,45796,False,False,False,True,False,10.008060000072874,0.0,1,11,synthetic-eval-v1
42,A0,"Rule-based, single process",TCK-00011,Critical,Critical,0.8410311049826104,0.8410311049826104,False,,1.0,1.0,0.49,8.090000119409524e-05,0,0.0,0.0,0.0,49996,False,False,False,False,False,0.05,0.0,0,12,synthetic-eval-v1
42,A0,"Rule-based, single process",TCK-00012,Low,Low,0.8253642393920524,0.05575745665199652,False,,1.0,1.0,0.49,0.00014150000242807437,0,0.0,0.0,0.015625,54268,False,False,False,True,False,1.0141500002428074,0.0,0,,synthetic-eval-v1
42,A0,"Rule-based, single process",TCK-00013,Medium,Medium,0.849390528415511,0.05092343485245197,False,,1.0,1.0,0.49,9.049999971466605e-05,0,0.0,0.0,0.0,58466,False,False,False,True,False,2.0090499999714666,0.0,0,,synthetic-eval-v1
42,A0,"Rule-based, single process",TCK-00014,High,High,0.8038669142263412,0.06615729208278533,False,TCK-00013,1.0,2.0,0.49,8.100000013655517e-05,0,0.0,0.0,0.0,62696,False,False,False,True,False,3.0081000000136555,0.0,0,15,synthetic-eval-v1
42,A0,"Rule-based, single process",TCK-00015,Critical,Critical,0.8463190944945742,0.8463190944945742,False,,1.0,1.0,0.49,8.22000001790002e-05,0,0.0,0.0,0.0,67018,True,False,False,False,True,4.0082200000179,1.25,0,16,synthetic-eval-v1
42,A0,"Rule-based, single process",TCK-00016,Low,Low,0.869897846966885,0.042869325774183085,False,,1.0,1.0,0.49,8.100000013655517e-05,0,0.0,0.0,0.0,71192,False,False,False,True,False,5.0081000000136555,0.0,0,,synthetic-eval-v1
42,A0,"Rule-based, single process",TCK-00017,Medium,Medium,0.8696106029850567,0.04338542632138995,False,,1.0,1.0,0.49,0.00012099999912607018,0,0.0,0.0,0.0,75456,False,False,False,True,False,6.012099999912607,0.0,0,,synthetic-eval-v1
42,A0,"Rule-based, single process",TCK-00018,High,High,0.8479715317602189,0.05103389939444656,False,,1.0,1.0,0.49,8.39000003907131e-05,0,0.0,0.0,0.0,79786,False,False,False,True,False,7.008390000039071,0.0,0,19,synthetic-eval-v1
42,A0,"Rule-based, single process",TCK-00019,Critical,Critical,0.8463190423808079,0.8463190423808079,False,,1.0,1.0,0.49,8.119999984046444e-05,0,0.0,0.0,0.0,83986,True,False,False,True,False,8.008119999984046,0.0,0,20,synthetic-eval-v1
42,A0,"Rule-based, single process",TCK-00020,Low,Low,0.853655555494489,0.04827538793230315,False,,1.0,1.0,0.49,8.489999709127005e-05,0,0.0,0.0,0.0,88154,False,False,False,True,False,9.008489999709127,0.0,1,,synthetic-eval-v1
42,A0,"Rule-based, single process",TCK-00021,Medium,Medium,0.8158005682530461,0.06366907417875038,False,TCK-00020,1.0,2.0,0.49,8.350000098289456e-05,0,0.0,0.0,0.0,92576,False,False,False,True,False,10.00835000009829,0.0,0,,synthetic-eval-v1
42,A0,"Rule-based, single process",TCK-00022,High,High,0.8205588607766566,0.05842566534558974,False,,1.0,1.0,0.49,8.149999848683365e-05,0,0.0,0.0,0.0,96756,True,False,False,True,False,0.05,0.0,0,23,synthetic-eval-v1
42,A0,"Rule-based, single process",TCK-00023,Critical,Critical,0.8406416337267991,0.8406416337267991,False,,1.0,1.0,0.49,8.429999979853164e-05,0,0.0,0.0,0.0,100922,True,False,False,True,False,1.0084299999798532,0.0,0,24,synthetic-eval-v1
42,A0,"Rule-based, single process",TCK-00024,Low,Low,0.8313498387638859,0.058214800522086683,False,,1.0,1.0,0.49,8.010000055946875e-05,0,0.0,0.0,0.0,105292,False,False,False,True,False,2.008010000055947,0.0,0,,synthetic-eval-v1
42,A0,"Rule-based, single process",TCK-00025,Medium,Medium,0.8334437468559242,0.054229135531028094,False,,1.0,1.0,0.49,0.00012799999785784166,0,0.0,0.0,0.0,109564,False,False,False,True,False,3.012799999785784,0.0,0,,synthetic-eval-v1
42,A0,"Rule-based, single process",TCK-00026,High,High,0.8512587804256944,0.04914319402257475,False,,1.0,1.0,0.49,8.110000089800451e-05,0,0.0,0.0,0.0,113738,False,False,False,True,False,4.0081100000898005,0.0,0,27,synthetic-eval-v1
42,A0,"Rule-based, single process",TCK-00027,Critical,Critical,0.8515015499586847,0.8515015499586847,False,,1.0,1.0,0.49,0.00010640000073181,0,0.0,0.0,0.0,117946,True,False,False,False,True,5.010640000073181,1.25,0,28,synthetic-eval-v1
42,A0,"Rule-based, single process",TCK-00028,Low,Low,0.8119606523319133,0.06317727047772127,False,TCK-00027,1.0,2.0,0.49,8.120000165945385e-05,0,0.0,0.0,0.0,122432,False,False,False,True,False,6.008120000165945,0.0,0,,synthetic-eval-v1
42,A0,"Rule-based, single process",TCK-00029,Medium,Medium,0.8421312255302699,0.05043460887640814,False,,1.0,1.0,0.49,8.189999789465219e-05,0,0.0,0.0,0.0,126642,False,False,False,True,False,7.008189999789465,0.0,0,,synthetic-eval-v1
42,A0,"Rule-based, single process",TCK-00030,High,High,0.8512586833862499,0.049143211321564656,False,,1.0,1.0,0.49,8.10999990790151e-05,0,0.0,0.0,0.0,130802,False,False,False,False,True,8.008109999907902,0.5,1,31,synthetic-eval-v1
42,A0,"Rule-based, single process",TCK-00031,Critical,Critical,0.8436750912484087,0.8436750912484087,False,,1.0,1.0,0.49,8.05000017862767e-05,0,0.0,0.0,0.0,135034,True,False,False,True,False,9.008050000178628,0.0,0,32,synthetic-eval-v1
42,A0,"Rule-based, single process",TCK-00032,Low,Low,0.8528973766098366,0.048569193252137814,False,,1.0,1.0,0.49,7.959999675222207e-05,0,0.0,0.0,0.0,139210,False,False,False,True,False,10.007959999675222,0.0,0,,synthetic-eval-v1
42,A0,"Rule-based, single process",TCK-00033,Medium,Medium,0.8411440240376908,0.049543037438767513,False,,1.0,1.0,0.49,8.10999990790151e-05,0,0.0,0.0,0.0,143738,False,False,False,True,False,0.05,0.0,0,,synthetic-eval-v1
42,A0,"Rule-based, single process",TCK-00034,High,High,0.8432159267464794,0.05050352069609527,False,,1.0,1.0,0.49,8.379999962926377e-05,0,0.0,0.0,0.0,147890,False,False,False,False,True,1.0083799999629264,1.5,0,35,synthetic-eval-v1
42,A0,"Rule-based, single process",TCK-00035,Critical,Critical,0.8138827572016858,0.8138827572016858,False,TCK-00034,1.0,2.0,0.49,8.120000165945385e-05,0,0.0,0.0,0.0,152184,True,False,False,True,False,2.0081200001659454,0.0,0,36,synthetic-eval-v1
42,A0,"Rule-based, single process",TCK-00036,Low,Low,0.8329777191447283,0.05213858636748864,False,,1.0,1.0,0.49,8.049999632930849e-05,0,0.0,0.0,0.0,156364,False,False,False,True,False,3.008049999632931,0.0,0,,synthetic-eval-v1
42,A0,"Rule-based, single process",TCK-00037,Medium,Medium,0.8325578565954513,0.058403731342452726,False,,1.0,1.0,0.49,8.169999819074292e-05,0,0.0,0.0,0.0,160556,False,False,False,True,False,4.008169999819074,0.0,0,,synthetic-eval-v1
42,A0,"Rule-based, single process",TCK-00038,High,High,0.8287254085607149,0.052377309256147864,False,,1.0,1.0,0.49,8.379999962926377e-05,0,0.0,0.0,0.0,165020,False,False,False,True,False,5.008379999962926,0.0,0,39,synthetic-eval-v1
42,A0,"Rule-based, single process",TCK-00039,Critical,Critical,0.8463190944945742,0.8463190944945742,False,,1.0,1.0,0.49,8.229999730247073e-05,0,0.0,0.0,0.0,169226,True,False,False,True,False,6.008229999730247,0.0,0,40,synthetic-eval-v1
42,A0,"Rule-based, single process",TCK-00040,Low,Low,0.8541305373462752,0.04755144273606049,False,,1.0,1.0,0.49,8.060000072873663e-05,0,0.0,0.0,0.0,173402,False,False,False,True,False,7.008060000072874,0.0,1,,synthetic-eval-v1
42,A0,"Rule-based, single process",TCK-00041,Medium,Medium,0.844474198843813,0.050402889290034565,False,,1.0,1.0,0.49,8.040000102482736e-05,0,0.0,0.0,0.0,177706,False,False,False,True,False,8.008040000102483,0.0,0,,synthetic-eval-v1
42,A0,"Rule-based, single process",TCK-00042,High,High,0.8121707239862227,0.06363956845639818,False,TCK-00041,1.0,2.0,0.49,8.150000030582305e-05,0,0.0,0.0,0.0,181944,False,False,False,True,False,9.008150000030582,0.0,0,43,synthetic-eval-v1
42,A0,"Rule-based, single process",TCK-00043,Critical,Critical,0.8463190423808079,0.8463190423808079,False,,1.0,1.0,0.49,8.199999865610152e-05,0,0.0,0.0,0.0,186154,True,False,False,True,False,10.00819999986561,0.0,0,44,synthetic-eval-v1
42,A0,"Rule-based, single process",TCK-00044,Low,Low,0.8589643195464981,0.046952688351638454,False,,1.0,1.0,0.49,8.009999692148995e-05,0,0.0,0.0,0.0,190634,False,False,False,True,False,0.05,0.0,0,,synthetic-eval-v1
42,A0,"Rule-based, single process",TCK-00045,Medium,Medium,0.854225951459069,0.04805190727540314,False,,1.0,1.0,0.49,8.540000089851674e-05,0,0.0,0.0,0.0,194818,False,False,False,True,False,1.0085400000898517,0.0,0,,synthetic-eval-v1
42,A0,"Rule-based, single process",TCK-00046,High,High,0.8408708181671004,0.05044728605769019,False,,1.0,1.0,0.49,8.059999890974723e-05,0,0.0,0.0,0.0,198994,False,False,False,True,False,2.0080599998909747,0.0,0,47,synthetic-eval-v1
42,A0,"Rule-based, single process",TCK-00047,Critical,Critical,0.8492719423119236,0.8492719423119236,False,,1.0,1.0,0.49,8.120000165945385e-05,0,0.0,0.0,0.0,203202,False,False,False,False,False,3.0081200001659454,0.0,0,48,synthetic-eval-v1
42,A0,"Rule-based, single process",TCK-00048,Low,Low,0.8295482415694138,0.056894788208270396,False,,1.0,1.0,0.49,7.999999979801942e-05,0,0.0,0.0,0.0,207380,False,False,False,True,False,4.007999999979802,0.0,0,,synthetic-eval-v1
42,A0,"Rule-based, single process",TCK-00049,Medium,Medium,0.7983523385999947,0.06727519522722542,False,TCK-00048,1.0,2.0,0.49,8.099999831756577e-05,0,0.0,0.0,0.0,211650,True,False,False,True,False,5.008099999831757,0.0,0,,synthetic-eval-v1
42,A0,"Rule-based, single process",TCK-00050,High,High,0.8327926930945416,0.0573598177608746,False,,1.0,1.0,0.49,8.179999895219225e-05,0,0.0,0.0,0.0,215828,False,False,False,False,True,6.008179999895219,1.0,1,51,synthetic-eval-v1
42,A0,"Rule-based, single process",TCK-00051,Critical,Critical,0.8339290445900982,0.8339290445900982,False,,1.0,1.0,0.49,8.289999823318794e-05,0,0.0,0.0,0.0,220396,False,False,False,False,False,7.008289999823319,0.0,0,52,synthetic-eval-v1
42,A0,"Rule-based, single process",TCK-00052,Low,Low,0.8425040497537181,0.05003339091581188,False,,1.0,1.0,0.49,0.00011389999963284936,0,0.0,0.0,0.0,224570,True,False,False,True,False,8.011389999963285,0.0,0,,synthetic-eval-v1
42,A0,"Rule-based, single process",TCK-00053,Medium,Medium,0.853545150825416,0.04869779169688907,False,,1.0,1.0,0.49,8.25000006443588e-05,0,0.0,0.0,0.0,228874,False,False,False,True,False,9.008250000064436,0.0,0,,synthetic-eval-v1
42,A0,"Rule-based, single process",TCK-00054,High,High,0.8679932976062199,0.043676508277306146,False,,1.0,1.0,0.49,0.00015309999980672728,0,0.0,0.0,0.0,233048,False,False,False,True,False,10.015309999980673,0.0,0,55,synthetic-eval-v1
42,A0,"Rule-based, single process",TCK-00055,Critical,Critical,0.8508298105745856,0.8508298105745856,False,,1.0,1.0,0.49,8.270000034826808e-05,0,0.0,0.0,0.0,237258,True,False,False,True,False,0.05,0.0,0,56,synthetic-eval-v1
42,A0,"Rule-based, single process",TCK-00056,Low,Low,0.8137400992721945,0.06366261441831533,False,TCK-00055,1.0,2.0,0.49,8.439999874099158e-05,0,0.0,0.0,0.0,241472,False,False,False,True,False,1.0084399998740992,0.0,0,,synthetic-eval-v1
42,A0,"Rule-based, single process",TCK-00057,Medium,Medium,0.8535454070333914,0.04869771988640876,False,,1.0,1.0,0.49,8.299999899463728e-05,0,0.0,0.0,0.0,245682,False,False,False,True,False,2.0082999998994637,0.0,0,,synthetic-eval-v1
42,A0,"Rule-based, single process",TCK-00058,High,High,0.8532625792480831,0.0485524062004267,False,,1.0,1.0,0.49,8.02000031399075e-05,0,0.0,0.0,0.0,250226,False,False,False,True,False,3.0080200003139907,0.0,0,59,synthetic-eval-v1
42,A0,"Rule-based, single process",TCK-00059,Critical,Critical,0.8515832320545496,0.8515832320545496,False,,1.0,1.0,0.49,8.180000077118166e-05,0,0.0,0.0,0.0,254434,True,False,False,True,False,4.008180000077118,0.0,0,60,synthetic-eval-v1
42,A0,"Rule-based, single process",TCK-00060,Low,Low,0.8517788472831144,0.04800484714508097,False,,1.0,1.0,0.49,7.989999721758068e-05,0,0.0,0.0,0.0,258610,False,False,False,True,False,5.007989999721758,0.0,1,,synthetic-eval-v1
42,A0,"Rule-based, single process",TCK-00061,Medium,Medium,0.8363014619340999,0.05588371424702237,False,,1.0,1.0,0.49,8.380000326724257e-05,0,0.0,0.0,0.0,262820,False,False,False,True,False,6.008380000326724,0.0,0,,synthetic-eval-v1
42,A0,"Rule-based, single process",TCK-00062,High,High,0.8357832129396915,0.053020056764040785,False,,1.0,1.0,0.49,8.020000132091809e-05,0,0.0,0.0,0.0,266996,False,False,False,True,False,7.008020000132092,0.0,0,63,synthetic-eval-v1
42,A0,"Rule-based, single process",TCK-00063,Critical,Critical,0.8154418374047281,0.8154418374047281,False,TCK-00062,1.0,2.0,0.49,8.19000033516204e-05,0,0.0,0.0,0.0,271266,True,False,False,True,False,8.008190000335162,0.0,0,64,synthetic-eval-v1
42,A0,"Rule-based, single process",TCK-00064,Low,Low,0.8347241406766971,0.05354796081460104,False,,1.0,1.0,0.49,8.209999759856146e-05,0,0.0,0.0,0.0,275444,False,False,False,True,False,9.008209999759856,0.0,0,,synthetic-eval-v1
42,A0,"Rule-based, single process",TCK-00065,Medium,Medium,0.8535451415575053,0.0486978134664661,False,,1.0,1.0,0.49,7.859999823267572e-05,0,0.0,0.0,0.0,279730,False,False,False,True,False,10.007859999823268,0.0,0,,synthetic-eval-v1
42,A0,"Rule-based, single process",TCK-00066,High,High,0.8532620501393912,0.04855246236534022,False,,1.0,1.0,0.49,7.819999882485718e-05,0,0.0,0.0,0.0,284354,False,False,False,True,False,0.05,0.0,0,67,synthetic-eval-v1
42,A0,"Rule-based, single process",TCK-00067,Critical,Critical,0.8508299101377877,0.8508299101377877,False,,1.0,1.0,0.49,8.179999713320285e-05,0,0.0,0.0,0.0,288538,False,False,False,False,False,1.0081799997133203,0.0,0,68,synthetic-eval-v1
42,A0,"Rule-based, single process",TCK-00068,Low,Low,0.8526027101007486,0.04851247459273694,False,,1.0,1.0,0.49,7.76999986555893e-05,0,0.0,0.0,0.0,292714,False,False,False,True,False,2.007769999865559,0.0,0,,synthetic-eval-v1
42,A0,"Rule-based, single process",TCK-00069,Medium,Medium,0.8696106029850567,0.04338542632138995,False,,1.0,1.0,0.49,7.809999988239724e-05,0,0.0,0.0,0.0,296920,False,False,False,True,False,3.0078099999882397,0.0,0,,synthetic-eval-v1
42,A0,"Rule-based, single process",TCK-00070,High,High,0.8125781604350979,0.06830174713891961,True,TCK-00069,1.0,2.0,0.49,7.790000017848797e-05,0,0.0,0.0,0.0,301158,False,False,False,True,False,4.007790000017849,0.0,1,71,synthetic-eval-v1
42,A0,"Rule-based, single process",TCK-00071,Critical,Critical,0.8635074430506319,0.8635074430506319,True,,1.0,1.0,0.49,7.930000174383167e-05,0,0.0,0.0,0.0,305370,True,False,False,True,False,5.007930000174383,0.0,0,72,synthetic-eval-v1
42,A0,"Rule-based, single process",TCK-00072,Low,Low,0.853655555494489,0.04827538793230315,True,,1.0,1.0,0.49,8.72999971761601e-05,0,0.0,0.0,0.0,309530,False,False,False,True,False,6.008729999717616,0.0,0,,synthetic-eval-v1
42,A0,"Rule-based, single process",TCK-00073,Medium,Medium,0.8696106029850567,0.04338542632138995,True,,1.0,1.0,0.49,7.850000110920519e-05,0,0.0,0.0,0.0,313738,False,False,False,True,False,7.0078500001109205,0.0,0,,synthetic-eval-v1
42,A0,"Rule-based, single process",TCK-00074,High,High,0.8297383559750653,0.05670025817073469,True,,1.0,1.0,0.49,7.730000106676016e-05,0,0.0,0.0,0.0,317916,False,False,False,True,False,8.007730000106676,0.0,0,75,synthetic-eval-v1
42,A0,"Rule-based, single process",TCK-00075,Critical,Critical,0.8138305486482627,0.8138305486482627,True,,1.0,1.0,0.49,7.890000051702373e-05,0,0.0,0.0,0.0,322124,True,False,False,True,False,9.007890000051702,0.0,0,76,synthetic-eval-v1
42,A0,"Rule-based, single process",TCK-00076,Low,Low,0.8281355619353165,0.05946386354915462,True,,1.0,1.0,0.49,8.22000019979896e-05,0,0.0,0.0,0.0,326748,False,False,False,True,False,10.008220000199799,0.0,0,,synthetic-eval-v1
42,A0,"Rule-based, single process",TCK-00077,Medium,Medium,0.787227325208773,0.07208870614146913,True,TCK-00076,1.0,2.0,0.49,7.820000246283598e-05,0,0.0,0.0,0.0,330698,False,False,False,True,False,0.05,0.0,0,,synthetic-eval-v1
42,A0,"Rule-based, single process",TCK-00078,High,High,0.8514663368985226,0.04873196466353565,True,,1.0,1.0,0.49,0.0001511999998911051,0,0.0,0.0,0.0,334402,True,False,False,True,False,1.0151199999891105,0.0,0,79,synthetic-eval-v1
42,A0,"Rule-based, single process",TCK-00079,Critical,Critical,0.8433725874843359,0.8433725874843359,True,,1.0,1.0,0.49,8.030000026337802e-05,0,0.0,0.0,0.0,338402,True,False,False,False,True,2.008030000026338,0.75,0,80,synthetic-eval-v1
42,A0,"Rule-based, single process",TCK-00080,Low,Low,0.8586576054671134,0.04614618407721328,True,,1.0,1.0,0.49,7.829999776731711e-05,0,0.0,0.0,0.0,342602,False,False,False,True,False,3.0078299997767317,0.0,1,,synthetic-eval-v1
42,A0,"Rule-based, single process",TCK-00081,Medium,Medium,0.8483478552206738,0.049056083782614085,True,,1.0,1.0,0.49,7.849999929021578e-05,0,0.0,0.0,0.0,346810,False,False,False,True,False,4.007849999929022,0.0,0,,synthetic-eval-v1
42,A0,"Rule-based, single process",TCK-00082,High,High,0.848475115413065,0.04883473635964666,True,,1.0,1.0,0.49,0.00012620000052265823,0,0.0,0.0,0.0,350986,False,False,False,False,True,5.012620000052266,1.5,0,83,synthetic-eval-v1
42,A0,"Rule-based, single process",TCK-00083,Critical,Critical,0.8466251486187479,0.8466251486187479,True,,1.0,1.0,0.49,7.989999903657008e-05,0,0.0,0.0,0.0,355218,True,False,False,True,False,6.007989999903657,0.0,0,84,synthetic-eval-v1
42,A0,"Rule-based, single process",TCK-00084,Low,Low,0.8248617842669926,0.061074827424616875,True,TCK-00083,1.0,2.0,0.49,7.900000309746247e-05,0,0.0,0.0,0.0,359456,False,False,False,True,False,7.007900000309746,0.0,0,,synthetic-eval-v1
42,A0,"Rule-based, single process",TCK-00085,Medium,Medium,0.8475396190733485,0.04709076537902759,True,,1.0,1.0,0.49,7.9100000220933e-05,0,0.0,0.0,0.0,363666,False,False,False,True,False,8.007910000022093,0.0,0,,synthetic-eval-v1
42,A0,"Rule-based, single process",TCK-00086,High,High,0.8679932976062199,0.043676508277306146,True,,1.0,1.0,0.49,0.0001081000009435229,0,0.0,0.0,0.0,368402,False,False,False,True,False,9.010810000094352,0.0,0,87,synthetic-eval-v1
42,A0,"Rule-based, single process",TCK-00087,Critical,Critical,0.8436079497892051,0.8436079497892051,True,,1.0,1.0,0.49,0.00019979999888164457,0,0.0,0.0,0.0,372612,False,False,False,False,False,10.019979999888164,0.0,0,88,synthetic-eval-v1
42,A0,"Rule-based, single process",TCK-00088,Low,Low,0.8412066683298297,0.04893518656971401,True,,1.0,1.0,0.49,8.900000102585182e-05,0,0.0,0.0,0.0,376788,False,False,False,True,False,0.05,0.0,0,,synthetic-eval-v1
42,A0,"Rule-based, single process",TCK-00089,Medium,Medium,0.8243462983173117,0.05731603093684592,True,,1.0,1.0,0.49,0.00010140000085812062,0,0.0,0.0,0.0,380972,False,False,False,True,False,1.010140000085812,0.0,0,,synthetic-eval-v1
42,A0,"Rule-based, single process",TCK-00090,High,High,0.8402747643132633,0.050747021831524,True,,1.0,1.0,0.49,7.869999717513565e-05,0,0.0,0.0,0.0,385148,True,False,False,True,False,2.0078699997175136,0.0,1,91,synthetic-eval-v1
42,A0,"Rule-based, single process",TCK-00091,Critical,Critical,0.8359071431998908,0.8359071431998908,True,TCK-00090,1.0,2.0,0.49,8.039999920583796e-05,0,0.0,0.0,0.0,389416,True,False,False,True,False,3.008039999920584,0.0,0,92,synthetic-eval-v1
42,A0,"Rule-based, single process",TCK-00092,Low,Low,0.8592798060501866,0.046146994166822185,True,,1.0,1.0,0.49,7.960000220919028e-05,0,0.0,0.0,0.0,393594,False,False,False,True,False,4.007960000220919,0.0,0,,synthetic-eval-v1
42,A0,"Rule-based, single process",TCK-00093,Medium,Medium,0.8385619785182018,0.0507194828010755,True,,1.0,1.0,0.49,7.969999933266081e-05,0,0.0,0.0,0.0,397914,True,False,False,True,False,5.007969999933266,0.0,0,,synthetic-eval-v1
42,A0,"Rule-based, single process",TCK-00094,High,High,0.8461065795570356,0.049426384171114786,True,,1.0,1.0,0.49,7.789999835949857e-05,0,0.0,0.0,0.0,402090,False,False,False,True,False,6.00778999983595,0.0,0,95,synthetic-eval-v1
42,A0,"Rule-based, single process",TCK-00095,Critical,Critical,0.8635074430506319,0.8635074430506319,True,,1.0,1.0,0.49,7.88000015745638e-05,0,0.0,0.0,0.0,406298,True,False,False,True,False,7.007880000157456,0.0,0,96,synthetic-eval-v1
42,A0,"Rule-based, single process",TCK-00096,Low,Low,0.8479704789562094,0.048596458506357236,True,,1.0,1.0,0.49,7.829999958630651e-05,0,0.0,0.0,0.0,410474,False,False,False,True,False,8.00782999995863,0.0,0,,synthetic-eval-v1
42,A0,"Rule-based, single process",TCK-00097,Medium,Medium,0.8490148298106313,0.05201718776117453,True,,1.0,1.0,0.49,7.929999992484227e-05,0,0.0,0.0,0.0,414682,False,False,False,True,False,9.007929999992484,0.0,0,,synthetic-eval-v1
42,A0,"Rule-based, single process",TCK-00098,High,High,0.8046542199587385,0.06597639640133894,True,TCK-00097,1.0,2.0,0.49,7.9100000220933e-05,0,0.0,0.0,0.0,419560,False,False,False,True,False,10.007910000022093,0.0,0,99,synthetic-eval-v1
42,A0,"Rule-based, single process",TCK-00099,Critical,Critical,0.8466251486187479,0.8466251486187479,True,,1.0,1.0,0.49,7.980000009411015e-05,0,0.0,0.0,0.0,423770,True,False,False,True,False,0.05,0.0,0,100,synthetic-eval-v1
42,A1,Single agent,TCK-00000,Low,Low,0.8536555936403968,0.04827540796263347,False,,1.0,1.0,0.75,9.350000073027331e-05,1778,6.0,168.0,0.0,5500,False,False,False,True,False,0.05,0.0,0,,synthetic-eval-v1
42,A1,Single agent,TCK-00001,Medium,Medium,0.8535214524329849,0.048706851117491116,False,,1.0,1.0,0.75,8.770000385993626e-05,1778,6.0,180.0,0.0,10866,False,False,False,True,False,1.0087700003859936,0.0,0,,synthetic-eval-v1
42,A1,Single agent,TCK-00002,High,High,0.8679932976062199,0.043676508277306146,False,,1.0,1.0,0.75,8.630000047560316e-05,1778,6.0,168.0,0.0,15897,False,False,False,True,False,2.0086300000475603,0.0,0,11,synthetic-eval-v1
42,A1,Single agent,TCK-00003,Critical,Critical,0.8551639842327763,0.8551639842327763,False,,1.0,1.0,0.75,8.719999823370017e-05,1778,6.0,180.0,0.0,20882,True,False,False,True,False,3.00871999982337,0.0,0,9,synthetic-eval-v1
42,A1,Single agent,TCK-00004,Low,Low,0.8457736308403975,0.049899199954870244,False,,1.0,1.0,0.75,8.689999958733097e-05,1778,6.0,168.0,0.0,25914,False,False,False,True,False,4.008689999958733,0.0,0,,synthetic-eval-v1
42,A1,Single agent,TCK-00005,Medium,Medium,0.8535210612190122,0.048706824764992857,False,,1.0,1.0,0.75,9.240000144927762e-05,1778,6.0,180.0,0.0,31090,False,False,False,True,False,5.009240000144928,0.0,0,,synthetic-eval-v1
42,A1,Single agent,TCK-00006,High,High,0.8426233135785252,0.05362838541657466,False,,1.0,1.0,0.75,0.00012290000086068176,1778,6.0,168.0,0.0,36562,False,False,False,True,False,6.012290000086068,0.0,0,7,synthetic-eval-v1
42,A1,Single agent,TCK-00007,Critical,Critical,0.8242224414373359,0.8242224414373359,False,TCK-00006,1.0,2.0,0.75,0.00012260000039532315,1778,6.0,228.0,0.0,41992,True,False,False,True,False,7.012260000039532,0.0,0,14,synthetic-eval-v1
42,A1,Single agent,TCK-00008,Low,Low,0.8561084929993047,0.049630284029602345,False,,1.0,1.0,0.75,0.00011039999844797421,1778,6.0,168.0,0.0,47490,False,False,False,True,False,8.011039999844797,0.0,0,,synthetic-eval-v1
42,A1,Single agent,TCK-00009,Medium,Medium,0.8269440344903481,0.05803353934069624,False,,1.0,1.0,0.75,0.00011649999942164868,1778,6.0,180.0,0.0,52931,True,False,False,True,False,9.011649999942165,0.0,1,,synthetic-eval-v1
42,A1,Single agent,TCK-00010,High,High,0.8345466635320546,0.05289431726607776,False,,1.0,1.0,0.75,0.00010910000128205866,1778,6.0,168.0,0.0,58403,False,False,False,True,False,10.010910000128206,0.0,0,24,synthetic-eval-v1
42,A1,Single agent,TCK-00011,Critical,Critical,0.8410311049826104,0.8410311049826104,False,,1.0,1.0,0.75,0.00010850000035134144,1778,6.0,180.0,0.0,63795,False,False,False,False,False,0.05,0.0,0,49,synthetic-eval-v1
42,A1,Single agent,TCK-00012,Low,Low,0.8253642393920524,0.05575745665199652,False,,1.0,1.0,0.75,0.00010780000047816429,1778,6.0,168.0,0.0,69275,False,False,False,True,False,1.0107800000478164,0.0,0,,synthetic-eval-v1
42,A1,Single agent,TCK-00013,Medium,Medium,0.849390528415511,0.05092343485245197,False,,1.0,1.0,0.75,0.00010730000030889641,1778,6.0,180.0,0.0,74666,True,False,False,True,False,2.0107300000308896,0.0,0,,synthetic-eval-v1
42,A1,Single agent,TCK-00014,High,High,0.8038669142263412,0.06615729208278533,False,TCK-00013,1.0,2.0,0.75,0.00010879999899771065,1778,6.0,216.0,0.0,79945,False,False,False,True,False,3.010879999899771,0.0,0,50,synthetic-eval-v1
42,A1,Single agent,TCK-00015,Critical,Critical,0.8463190944945742,0.8463190944945742,False,,1.0,1.0,0.75,0.00010789999942062423,1778,6.0,180.0,0.0,85178,True,False,False,True,False,4.010789999942062,0.0,0,13,synthetic-eval-v1
42,A1,Single agent,TCK-00016,Low,Low,0.869897846966885,0.042869325774183085,False,,1.0,1.0,0.75,0.0001081000009435229,1778,6.0,168.0,0.0,90217,False,False,False,True,False,5.010810000094352,0.0,0,,synthetic-eval-v1
42,A1,Single agent,TCK-00017,Medium,Medium,0.8696106029850567,0.04338542632138995,False,,1.0,1.0,0.75,0.00011389999963284936,1778,6.0,180.0,0.0,95353,True,False,False,True,False,6.011389999963285,0.0,0,,synthetic-eval-v1
42,A1,Single agent,TCK-00018,High,High,0.8479715317602189,0.05103389939444656,False,,1.0,1.0,0.75,0.00011969999832217582,1778,6.0,168.0,0.0,100570,True,False,False,True,False,7.011969999832218,0.0,0,28,synthetic-eval-v1
42,A1,Single agent,TCK-00019,Critical,Critical,0.8463190423808079,0.8463190423808079,False,,1.0,1.0,0.75,0.00011319999975967221,1778,6.0,180.0,0.0,105642,True,False,False,True,False,8.011319999975967,0.0,1,31,synthetic-eval-v1
42,A1,Single agent,TCK-00020,Low,Low,0.853655555494489,0.04827538793230315,False,,1.0,1.0,0.75,0.00011059999997087289,1778,6.0,168.0,0.0,110698,False,False,False,True,False,9.011059999997087,0.0,0,,synthetic-eval-v1
42,A1,Single agent,TCK-00021,Medium,Medium,0.8158005682530461,0.06366907417875038,False,TCK-00020,1.0,2.0,0.75,0.00010850000217033084,1778,6.0,228.0,0.0,115968,True,False,False,True,False,10.010850000217033,0.0,0,,synthetic-eval-v1
42,A1,Single agent,TCK-00022,High,High,0.8205588607766566,0.05842566534558974,False,,1.0,1.0,0.75,0.00011049999557144474,1778,6.0,168.0,0.0,121051,True,False,False,True,False,0.05,0.0,0,35,synthetic-eval-v1
42,A1,Single agent,TCK-00023,Critical,Critical,0.8406416337267991,0.8406416337267991,False,,1.0,1.0,0.75,0.00011030000132450368,1778,6.0,180.0,0.0,126082,True,False,False,False,True,1.0110300001324504,1.75,0,42,synthetic-eval-v1
42,A1,Single agent,TCK-00024,Low,Low,0.8313498387638859,0.058214800522086683,False,,1.0,1.0,0.75,0.00010830000246642157,1778,6.0,168.0,0.0,131355,False,False,False,True,False,2.010830000246642,0.0,0,,synthetic-eval-v1
42,A1,Single agent,TCK-00025,Medium,Medium,0.8334437468559242,0.054229135531028094,False,,1.0,1.0,0.75,0.00012659999811148737,1778,6.0,180.0,0.0,136467,True,False,False,True,False,3.0126599998111487,0.0,0,,synthetic-eval-v1
42,A1,Single agent,TCK-00026,High,High,0.8512587804256944,0.04914319402257475,False,,1.0,1.0,0.75,0.00011059999997087289,1778,6.0,168.0,0.0,141522,False,False,False,True,False,4.011059999997087,0.0,0,40,synthetic-eval-v1
42,A1,Single agent,TCK-00027,Critical,Critical,0.8515015499586847,0.8515015499586847,False,,1.0,1.0,0.75,0.0001097999993362464,1778,6.0,180.0,0.0,146594,True,False,False,True,False,5.010979999933625,0.0,0,30,synthetic-eval-v1
42,A1,Single agent,TCK-00028,Low,Low,0.8119606523319133,0.06317727047772127,False,TCK-00027,1.0,2.0,0.75,0.00020709999807877466,1778,6.0,216.0,0.0,151905,False,False,False,True,False,6.0207099998078775,0.0,0,,synthetic-eval-v1
42,A1,Single agent,TCK-00029,Medium,Medium,0.8421312255302699,0.05043460887640814,False,,1.0,1.0,0.75,0.00011359999916749075,1778,6.0,180.0,0.0,157010,False,False,False,True,False,7.011359999916749,0.0,1,,synthetic-eval-v1
42,A1,Single agent,TCK-00030,High,High,0.8512586833862499,0.049143211321564656,False,,1.0,1.0,0.75,0.00011100000119768083,1778,6.0,168.0,0.0,162050,False,False,False,True,False,8.011100000119768,0.0,0,12,synthetic-eval-v1
42,A1,Single agent,TCK-00031,Critical,Critical,0.8436750912484087,0.8436750912484087,False,,1.0,1.0,0.75,0.00010900000233959872,1778,6.0,180.0,0.0,167122,True,False,False,True,False,9.01090000023396,0.0,0,27,synthetic-eval-v1
42,A1,Single agent,TCK-00032,Low,Low,0.8528973766098366,0.048569193252137814,False,,1.0,1.0,0.75,0.00011630000335571822,1778,6.0,168.0,0.0,172178,False,False,False,True,False,10.011630000335572,0.0,0,,synthetic-eval-v1
42,A1,Single agent,TCK-00033,Medium,Medium,0.8411440240376908,0.049543037438767513,False,,1.0,1.0,0.75,0.00011020000056305435,1778,6.0,180.0,0.0,177570,False,False,False,True,False,0.05,0.0,0,,synthetic-eval-v1
42,A1,Single agent,TCK-00034,High,High,0.8432159267464794,0.05050352069609527,False,,1.0,1.0,0.75,0.00010850000035134144,1778,6.0,168.0,0.0,182602,True,False,False,True,False,1.0108500000351341,0.0,0,32,synthetic-eval-v1
42,A1,Single agent,TCK-00035,Critical,Critical,0.8138827572016858,0.8138827572016858,False,TCK-00034,1.0,2.0,0.75,0.0001098000011552358,1778,6.0,228.0,0.0,187712,True,False,False,True,False,2.0109800001155236,0.0,0,3,synthetic-eval-v1
42,A1,Single agent,TCK-00036,Low,Low,0.8329777191447283,0.05213858636748864,False,,1.0,1.0,0.75,0.00010799999836308416,1778,6.0,168.0,0.0,192795,False,False,False,True,False,3.0107999998363084,0.0,0,,synthetic-eval-v1
42,A1,Single agent,TCK-00037,Medium,Medium,0.8325578565954513,0.058403731342452726,False,,1.0,1.0,0.75,0.00010999999904015567,1778,6.0,180.0,0.0,197851,False,False,False,True,False,4.010999999904016,0.0,0,,synthetic-eval-v1
42,A1,Single agent,TCK-00038,High,High,0.8287254085607149,0.052377309256147864,False,,1.0,1.0,0.75,0.00010779999684018549,1778,6.0,168.0,0.0,203195,False,False,False,True,False,5.0107799996840185,0.0,0,22,synthetic-eval-v1
42,A1,Single agent,TCK-00039,Critical,Critical,0.8463190944945742,0.8463190944945742,False,,1.0,1.0,0.75,0.0001264000002265675,1778,6.0,180.0,0.0,208266,True,False,False,True,False,6.012640000022657,0.0,1,19,synthetic-eval-v1
42,A1,Single agent,TCK-00040,Low,Low,0.8541305373462752,0.04755144273606049,False,,1.0,1.0,0.75,0.000170300003446755,1778,6.0,168.0,0.0,213322,False,False,False,True,False,7.0170300003446755,0.0,0,,synthetic-eval-v1
42,A1,Single agent,TCK-00041,Medium,Medium,0.844474198843813,0.050402889290034565,False,,1.0,1.0,0.75,0.0001111999990826007,1778,6.0,180.0,0.0,218490,True,False,False,True,False,8.01111999990826,0.0,0,,synthetic-eval-v1
42,A1,Single agent,TCK-00042,High,High,0.8121707239862227,0.06363956845639818,False,TCK-00041,1.0,2.0,0.75,0.00010970000039378647,1778,6.0,216.0,0.0,223577,False,False,False,True,False,9.010970000039379,0.0,0,23,synthetic-eval-v1
42,A1,Single agent,TCK-00043,Critical,Critical,0.8463190423808079,0.8463190423808079,False,,1.0,1.0,0.75,0.00010959999963233713,1778,6.0,180.0,0.0,228682,False,False,False,False,False,10.010959999963234,0.0,0,2,synthetic-eval-v1
42,A1,Single agent,TCK-00044,Low,Low,0.8589643195464981,0.046952688351638454,False,,1.0,1.0,0.75,0.00010720000318542589,1778,6.0,168.0,0.0,234042,False,False,False,True,False,0.05,0.0,0,,synthetic-eval-v1
42,A1,Single agent,TCK-00045,Medium,Medium,0.854225951459069,0.04805190727540314,False,,1.0,1.0,0.75,0.00011500000073283445,1778,6.0,180.0,0.0,239090,False,False,False,True,False,1.0115000000732834,0.0,0,,synthetic-eval-v1
42,A1,Single agent,TCK-00046,High,High,0.8408708181671004,0.05044728605769019,False,,1.0,1.0,0.75,0.00010720000136643648,1778,6.0,168.0,0.0,244146,False,False,False,True,False,2.0107200001366436,0.0,0,17,synthetic-eval-v1
42,A1,Single agent,TCK-00047,Critical,Critical,0.8492719423119236,0.8492719423119236,False,,1.0,1.0,0.75,0.00010710000060498714,1778,6.0,180.0,0.0,249218,True,False,False,True,False,3.0107100000604987,0.0,0,48,synthetic-eval-v1
42,A1,Single agent,TCK-00048,Low,Low,0.8295482415694138,0.056894788208270396,False,,1.0,1.0,0.75,0.00010700000166252721,1778,6.0,168.0,0.0,254275,False,False,False,True,False,4.010700000166253,0.0,0,,synthetic-eval-v1
42,A1,Single agent,TCK-00049,Medium,Medium,0.7983523385999947,0.06727519522722542,False,TCK-00048,1.0,2.0,0.75,0.00010759999895526562,1778,6.0,228.0,0.0,259386,True,False,False,True,False,5.010759999895527,0.0,1,,synthetic-eval-v1
42,A1,Single agent,TCK-00050,High,High,0.8327926930945416,0.0573598177608746,False,,1.0,1.0,0.75,0.00014200000259734225,1778,6.0,168.0,0.0,264467,False,False,False,True,False,6.014200000259734,0.0,0,33,synthetic-eval-v1
42,A1,Single agent,TCK-00051,Critical,Critical,0.8339290445900982,0.8339290445900982,False,,1.0,1.0,0.75,0.00011450000238255598,1778,6.0,180.0,0.0,269875,True,False,False,False,True,7.011450000238256,1.25,0,47,synthetic-eval-v1
42,A1,Single agent,TCK-00052,Low,Low,0.8425040497537181,0.05003339091581188,False,,1.0,1.0,0.75,0.0001069999980245484,1778,6.0,168.0,0.0,274954,False,False,False,True,False,8.010699999802455,0.0,0,,synthetic-eval-v1
42,A1,Single agent,TCK-00053,Medium,Medium,0.853545150825416,0.04869779169688907,False,,1.0,1.0,0.75,0.00010829999882844277,1778,6.0,180.0,0.0,280122,False,False,False,True,False,9.010829999882844,0.0,0,,synthetic-eval-v1
42,A1,Single agent,TCK-00054,High,High,0.8679932976062199,0.043676508277306146,False,,1.0,1.0,0.75,0.00010840000140888151,1778,6.0,168.0,0.0,285177,False,False,False,True,False,10.010840000140888,0.0,0,6,synthetic-eval-v1
42,A1,Single agent,TCK-00055,Critical,Critical,0.8508298105745856,0.8508298105745856,False,,1.0,1.0,0.75,0.00010749999819381628,1778,6.0,180.0,0.0,290250,True,False,False,True,False,0.05,0.0,0,45,synthetic-eval-v1
42,A1,Single agent,TCK-00056,Low,Low,0.8137400992721945,0.06366261441831533,False,TCK-00055,1.0,2.0,0.75,0.00010889999794017058,1778,6.0,216.0,0.0,295313,False,False,False,True,False,1.010889999794017,0.0,0,,synthetic-eval-v1
42,A1,Single agent,TCK-00057,Medium,Medium,0.8535454070333914,0.04869771988640876,False,,1.0,1.0,0.75,0.00010999999904015567,1778,6.0,180.0,0.0,300418,False,False,False,True,False,2.0109999999040156,0.0,0,,synthetic-eval-v1
42,A1,Single agent,TCK-00058,High,High,0.8532625792480831,0.0485524062004267,False,,1.0,1.0,0.75,0.00010789999942062423,1778,6.0,168.0,0.0,305842,False,False,False,True,False,3.0107899999420624,0.0,0,26,synthetic-eval-v1
42,A1,Single agent,TCK-00059,Critical,Critical,0.8515832320545496,0.8515832320545496,False,,1.0,1.0,0.75,0.0001078000022971537,1778,6.0,180.0,0.0,310914,True,False,False,True,False,4.010780000229715,0.0,1,44,synthetic-eval-v1
42,A1,Single agent,TCK-00060,Low,Low,0.8517788472831144,0.04800484714508097,False,,1.0,1.0,0.75,0.00010680000195861794,1778,6.0,168.0,0.0,315970,False,False,False,True,False,5.010680000195862,0.0,0,,synthetic-eval-v1
42,A1,Single agent,TCK-00061,Medium,Medium,0.8363014619340999,0.05588371424702237,False,,1.0,1.0,0.75,0.0001579000036144862,1778,6.0,180.0,0.0,321043,False,False,False,True,False,6.015790000361449,0.0,0,,synthetic-eval-v1
42,A1,Single agent,TCK-00062,High,High,0.8357832129396915,0.053020056764040785,False,,1.0,1.0,0.75,0.00011470000026747584,1778,6.0,168.0,0.0,326099,False,False,False,False,True,7.011470000026748,1.0,0,25,synthetic-eval-v1
42,A1,Single agent,TCK-00063,Critical,Critical,0.8154418374047281,0.8154418374047281,False,TCK-00062,1.0,2.0,0.75,0.00010909999946306925,1778,6.0,228.0,0.0,331234,True,False,False,True,False,8.010909999946307,0.0,0,16,synthetic-eval-v1
42,A1,Single agent,TCK-00064,Low,Low,0.8347241406766971,0.05354796081460104,False,,1.0,1.0,0.75,0.00010840000504686031,1778,6.0,168.0,0.0,336315,False,False,False,True,False,9.010840000504686,0.0,0,,synthetic-eval-v1
42,A1,Single agent,TCK-00065,Medium,Medium,0.8535451415575053,0.0486978134664661,False,,1.0,1.0,0.75,0.00010859999929380137,1778,6.0,180.0,0.0,341466,False,False,False,True,False,10.01085999992938,0.0,0,,synthetic-eval-v1
42,A1,Single agent,TCK-00066,High,High,0.8532620501393912,0.04855246236534022,False,,1.0,1.0,0.75,0.00010870000187424012,1778,6.0,168.0,0.0,346970,False,False,False,True,False,0.05,0.0,0,10,synthetic-eval-v1
42,A1,Single agent,TCK-00067,Critical,Critical,0.8508299101377877,0.8508299101377877,False,,1.0,1.0,0.75,0.00010939999992842786,1778,6.0,180.0,0.0,352018,False,False,False,False,False,1.0109399999928428,0.0,0,4,synthetic-eval-v1
42,A1,Single agent,TCK-00068,Low,Low,0.8526027101007486,0.04851247459273694,False,,1.0,1.0,0.75,0.00010829999519046396,1778,6.0,168.0,0.0,357074,False,False,False,True,False,2.0108299995190464,0.0,0,,synthetic-eval-v1
42,A1,Single agent,TCK-00069,Medium,Medium,0.8696106029850567,0.04338542632138995,False,,1.0,1.0,0.75,0.00010850000035134144,1778,6.0,180.0,0.0,362145,False,False,False,True,False,3.010850000035134,0.0,1,,synthetic-eval-v1
42,A1,Single agent,TCK-00070,High,High,0.8125781604350979,0.06830174713891961,True,TCK-00069,1.0,2.0,0.75,0.00010800000382005237,1778,6.0,216.0,0.0,367232,False,False,False,True,False,4.010800000382005,0.0,0,18,synthetic-eval-v1
42,A1,Single agent,TCK-00071,Critical,Critical,0.8635074430506319,0.8635074430506319,True,,1.0,1.0,0.75,0.00010800000018207356,1778,6.0,180.0,0.0,372338,False,False,False,False,False,5.010800000018207,0.0,0,1,synthetic-eval-v1
42,A1,Single agent,TCK-00072,Low,Low,0.853655555494489,0.04827538793230315,True,,1.0,1.0,0.75,0.00010800000018207356,1778,6.0,168.0,0.0,377378,False,False,False,True,False,6.010800000018207,0.0,0,,synthetic-eval-v1
42,A1,Single agent,TCK-00073,Medium,Medium,0.8696106029850567,0.04338542632138995,True,,1.0,1.0,0.75,0.00013719999697059393,1778,6.0,180.0,0.0,382450,False,False,False,True,False,7.013719999697059,0.0,0,,synthetic-eval-v1
42,A1,Single agent,TCK-00074,High,High,0.8297383559750653,0.05670025817073469,True,,1.0,1.0,0.75,0.00011330000234011095,1778,6.0,168.0,0.0,387507,False,False,False,True,False,8.011330000234011,0.0,0,46,synthetic-eval-v1
42,A1,Single agent,TCK-00075,Critical,Critical,0.8138305486482627,0.8138305486482627,True,,1.0,1.0,0.75,0.00010889999975915998,1778,6.0,180.0,0.0,392579,False,False,False,False,False,9.010889999975916,0.0,0,41,synthetic-eval-v1
42,A1,Single agent,TCK-00076,Low,Low,0.8281355619353165,0.05946386354915462,True,,1.0,1.0,0.75,0.00010820000170497224,1778,6.0,168.0,0.0,398147,False,False,False,True,False,10.010820000170497,0.0,0,,synthetic-eval-v1
42,A1,Single agent,TCK-00077,Medium,Medium,0.787227325208773,0.07208870614146913,True,TCK-00076,1.0,2.0,0.75,0.00010910000128205866,1778,6.0,228.0,0.0,403386,False,False,False,True,False,0.05,0.0,0,,synthetic-eval-v1
42,A1,Single agent,TCK-00078,High,High,0.8514663368985226,0.04873196466353565,True,,1.0,1.0,0.75,0.00011000000085914508,1778,6.0,168.0,0.0,408442,False,False,False,True,False,1.0110000000859145,0.0,0,21,synthetic-eval-v1
42,A1,Single agent,TCK-00079,Critical,Critical,0.8433725874843359,0.8433725874843359,True,,1.0,1.0,0.75,0.00010789999760163482,1778,6.0,180.0,0.0,413498,True,False,False,True,False,2.0107899997601635,0.0,1,34,synthetic-eval-v1
42,A1,Single agent,TCK-00080,Low,Low,0.8586576054671134,0.04614618407721328,True,,1.0,1.0,0.75,0.0001081000009435229,1778,6.0,168.0,0.0,418554,False,False,False,True,False,3.0108100000943523,0.0,0,,synthetic-eval-v1
42,A1,Single agent,TCK-00081,Medium,Medium,0.8483478552206738,0.049056083782614085,True,,1.0,1.0,0.75,0.00010990000009769574,1778,6.0,180.0,0.0,423626,False,False,False,True,False,4.01099000000977,0.0,0,,synthetic-eval-v1
42,A1,Single agent,TCK-00082,High,High,0.848475115413065,0.04883473635964666,True,,1.0,1.0,0.75,0.00010789999760163482,1778,6.0,168.0,0.0,428682,False,False,False,True,False,5.0107899997601635,0.0,0,36,synthetic-eval-v1
42,A1,Single agent,TCK-00083,Critical,Critical,0.8466251486187479,0.8466251486187479,True,,1.0,1.0,0.75,0.00010760000259324443,1778,6.0,180.0,0.0,433754,True,False,False,True,False,6.010760000259324,0.0,0,20,synthetic-eval-v1
42,A1,Single agent,TCK-00084,Low,Low,0.8248617842669926,0.061074827424616875,True,TCK-00083,1.0,2.0,0.75,0.00014759999794478063,1778,6.0,216.0,0.0,438841,False,False,False,True,False,7.014759999794478,0.0,0,,synthetic-eval-v1
42,A1,Single agent,TCK-00085,Medium,Medium,0.8475396190733485,0.04709076537902759,True,,1.0,1.0,0.75,0.00015220000022964086,1778,6.0,180.0,0.0,443946,False,False,False,True,False,8.015220000022964,0.0,0,,synthetic-eval-v1
42,A1,Single agent,TCK-00086,High,High,0.8679932976062199,0.043676508277306146,True,,1.0,1.0,0.75,0.00010940000356640667,1778,6.0,168.0,0.0,449562,False,False,False,True,False,9.01094000035664,0.0,0,43,synthetic-eval-v1
42,A1,Single agent,TCK-00087,Critical,Critical,0.8436079497892051,0.8436079497892051,True,,1.0,1.0,0.75,0.00011020000056305435,1778,6.0,180.0,0.0,454635,True,False,False,True,False,10.011020000056305,0.0,0,37,synthetic-eval-v1
42,A1,Single agent,TCK-00088,Low,Low,0.8412066683298297,0.04893518656971401,True,,1.0,1.0,0.75,0.00010870000187424012,1778,6.0,168.0,0.0,459691,False,False,False,True,False,0.05,0.0,0,,synthetic-eval-v1
42,A1,Single agent,TCK-00089,Medium,Medium,0.8243462983173117,0.05731603093684592,True,,1.0,1.0,0.75,0.00010870000187424012,1778,6.0,180.0,0.0,464739,False,False,False,True,False,1.010870000187424,0.0,1,,synthetic-eval-v1
42,A1,Single agent,TCK-00090,High,High,0.8402747643132633,0.050747021831524,True,,1.0,1.0,0.75,0.00010900000233959872,1778,6.0,168.0,0.0,469795,True,False,False,True,False,2.01090000023396,0.0,0,39,synthetic-eval-v1
42,A1,Single agent,TCK-00091,Critical,Critical,0.8359071431998908,0.8359071431998908,True,TCK-00090,1.0,2.0,0.75,0.00010850000035134144,1778,6.0,228.0,0.0,474904,True,False,False,True,False,3.010850000035134,0.0,0,5,synthetic-eval-v1
42,A1,Single agent,TCK-00092,Low,Low,0.8592798060501866,0.046146994166822185,True,,1.0,1.0,0.75,0.00010929999734798912,1778,6.0,168.0,0.0,479986,False,False,False,True,False,4.010929999734799,0.0,0,,synthetic-eval-v1
42,A1,Single agent,TCK-00093,Medium,Medium,0.8385619785182018,0.0507194828010755,True,,1.0,1.0,0.75,0.00010900000052060932,1778,6.0,180.0,0.0,485170,False,False,False,True,False,5.010900000052061,0.0,0,,synthetic-eval-v1
42,A1,Single agent,TCK-00094,High,High,0.8461065795570356,0.049426384171114786,True,,1.0,1.0,0.75,0.00011660000200208742,1778,6.0,168.0,0.0,490226,True,False,False,True,False,6.011660000200209,0.0,0,38,synthetic-eval-v1
42,A1,Single agent,TCK-00095,Critical,Critical,0.8635074430506319,0.8635074430506319,True,,1.0,1.0,0.75,0.00014010000086273067,1778,6.0,180.0,0.0,495298,True,False,False,True,False,7.014010000086273,0.0,0,29,synthetic-eval-v1
42,A1,Single agent,TCK-00096,Low,Low,0.8479704789562094,0.048596458506357236,True,,1.0,1.0,0.75,0.00011989999802608509,1778,6.0,168.0,0.0,500354,False,False,False,True,False,8.011989999802609,0.0,0,,synthetic-eval-v1
42,A1,Single agent,TCK-00097,Medium,Medium,0.8490148298106313,0.05201718776117453,True,,1.0,1.0,0.75,0.00011670000094454736,1778,6.0,180.0,0.0,505426,False,False,False,True,False,9.011670000094455,0.0,0,,synthetic-eval-v1
42,A1,Single agent,TCK-00098,High,High,0.8046542199587385,0.06597639640133894,True,TCK-00097,1.0,2.0,0.75,0.00010840000504686031,1778,6.0,216.0,0.0,511153,False,False,False,True,False,10.010840000504686,0.0,0,8,synthetic-eval-v1
42,A1,Single agent,TCK-00099,Critical,Critical,0.8466251486187479,0.8466251486187479,True,,1.0,1.0,0.75,0.00010899999870161992,1778,6.0,180.0,0.0,516258,True,False,False,True,False,0.05,0.0,1,15,synthetic-eval-v1
42,A2,Multi-agent with static agents,TCK-00000,Low,Low,0.8536555936403968,0.04827540796263347,False,,1.0,1.0,0.75,0.00010870000187424012,3556,12.0,168.0,0.0,5372,False,False,False,True,False,0.05,0.0,0,,synthetic-eval-v1
42,A2,Multi-agent with static agents,TCK-00001,Medium,Medium,0.8535214524329849,0.048706851117491116,False,,1.0,1.0,0.75,0.00010650000149325933,3556,12.0,180.0,0.0,11090,False,False,False,True,False,1.010650000149326,0.0,0,,synthetic-eval-v1
42,A2,Multi-agent with static agents,TCK-00002,High,High,0.8679932976062199,0.043676508277306146,False,,1.0,1.0,0.75,0.0001052999978128355,3556,12.0,168.0,0.0,16473,False,False,False,True,False,2.0105299997812835,0.0,0,5,synthetic-eval-v1
42,A2,Multi-agent with static agents,TCK-00003,Critical,Critical,0.8551639842327763,0.8551639842327763,False,,1.0,1.0,0.75,0.00011520000043674372,3556,12.0,180.0,0.0,21810,True,False,False,True,False,3.0115200000436744,0.0,0,14,synthetic-eval-v1
42,A2,Multi-agent with static agents,TCK-00004,Low,Low,0.8457736308403975,0.049899199954870244,False,,1.0,1.0,0.75,0.0001173999989987351,3556,12.0,168.0,0.0,27194,False,False,False,True,False,4.0117399998998735,0.0,0,,synthetic-eval-v1
42,A2,Multi-agent with static agents,TCK-00005,Medium,Medium,0.8535210612190122,0.048706824764992857,False,,1.0,1.0,0.75,0.00011299999823677354,3556,12.0,180.0,0.0,32722,False,False,False,True,False,5.011299999823677,0.0,0,,synthetic-eval-v1
42,A2,Multi-agent with static agents,TCK-00006,High,High,0.8426233135785252,0.05362838541657466,False,,1.0,1.0,0.75,0.00013480000052368268,3556,12.0,168.0,0.0,38546,False,False,False,False,True,6.013480000052368,0.5,0,31,synthetic-eval-v1
42,A2,Multi-agent with static agents,TCK-00007,Critical,Critical,0.8242224414373359,0.8242224414373359,False,TCK-00006,1.0,2.0,0.75,0.0001277999981539324,3556,12.0,228.0,0.0,44352,True,False,False,True,False,7.012779999815393,0.0,0,11,synthetic-eval-v1
42,A2,Multi-agent with static agents,TCK-00008,Low,Low,0.8561084929993047,0.049630284029602345,False,,1.0,1.0,0.75,0.0001291999997192761,3556,12.0,168.0,0.0,50202,False,False,False,True,False,8.012919999971928,0.0,1,,synthetic-eval-v1
42,A2,Multi-agent with static agents,TCK-00009,Medium,Medium,0.8269440344903481,0.05803353934069624,False,,1.0,1.0,0.75,0.00012850000166508835,3556,12.0,180.0,0.0,55995,False,False,False,True,False,9.012850000166509,0.0,0,,synthetic-eval-v1
42,A2,Multi-agent with static agents,TCK-00010,High,High,0.8345466635320546,0.05289431726607776,False,,1.0,1.0,0.75,0.00012830000014218967,3556,12.0,168.0,0.0,61819,False,False,False,True,False,10.012830000014219,0.0,0,16,synthetic-eval-v1
42,A2,Multi-agent with static agents,TCK-00011,Critical,Critical,0.8410311049826104,0.8410311049826104,False,,1.0,1.0,0.75,0.0001449999999749707,3556,12.0,180.0,0.0,67563,True,False,False,True,False,0.05,0.0,0,48,synthetic-eval-v1
42,A2,Multi-agent with static agents,TCK-00012,Low,Low,0.8253642393920524,0.05575745665199652,False,,1.0,1.0,0.75,0.00012939999942318536,3556,12.0,168.0,0.0,73395,False,False,False,True,False,1.0129399999423185,0.0,0,,synthetic-eval-v1
42,A2,Multi-agent with static agents,TCK-00013,Medium,Medium,0.849390528415511,0.05092343485245197,False,,1.0,1.0,0.75,0.00012940000124217477,3556,12.0,180.0,0.0,79138,False,False,False,True,False,2.0129400001242175,0.0,0,,synthetic-eval-v1
42,A2,Multi-agent with static agents,TCK-00014,High,High,0.8038669142263412,0.06615729208278533,False,TCK-00013,1.0,2.0,0.75,0.00012939999760419596,3556,12.0,216.0,0.0,84897,False,False,False,True,False,3.0129399997604196,0.0,0,21,synthetic-eval-v1
42,A2,Multi-agent with static agents,TCK-00015,Critical,Critical,0.8463190944945742,0.8463190944945742,False,,1.0,1.0,0.75,0.00013080000098852906,3556,12.0,180.0,0.0,90802,True,False,False,True,False,4.013080000098853,0.0,0,44,synthetic-eval-v1
42,A2,Multi-agent with static agents,TCK-00016,Low,Low,0.869897846966885,0.042869325774183085,False,,1.0,1.0,0.75,0.00012769999921147246,3556,12.0,168.0,0.0,96513,False,False,False,True,False,5.012769999921147,0.0,0,,synthetic-eval-v1
42,A2,Multi-agent with static agents,TCK-00017,Medium,Medium,0.8696106029850567,0.04338542632138995,False,,1.0,1.0,0.75,0.0001509000012447359,3556,12.0,180.0,0.0,102321,False,False,False,True,False,6.015090000124474,0.0,0,,synthetic-eval-v1
42,A2,Multi-agent with static agents,TCK-00018,High,High,0.8479715317602189,0.05103389939444656,False,,1.0,1.0,0.75,0.00014530000407830812,3556,12.0,168.0,0.0,108210,False,False,False,True,False,7.014530000407831,0.0,1,2,synthetic-eval-v1
42,A2,Multi-agent with static agents,TCK-00019,Critical,Critical,0.8463190423808079,0.8463190423808079,False,,1.0,1.0,0.75,0.00012969999988854397,3556,12.0,180.0,0.0,113954,True,False,False,True,False,8.012969999988854,0.0,0,6,synthetic-eval-v1
42,A2,Multi-agent with static agents,TCK-00020,Low,Low,0.853655555494489,0.04827538793230315,False,,1.0,1.0,0.75,0.00012819999938074034,3556,12.0,168.0,0.0,119682,False,False,False,True,False,9.012819999938074,0.0,0,,synthetic-eval-v1
42,A2,Multi-agent with static agents,TCK-00021,Medium,Medium,0.8158005682530461,0.06366907417875038,False,TCK-00020,1.0,2.0,0.75,0.00012849999984609894,3556,12.0,228.0,0.0,125624,False,False,False,True,False,10.01284999998461,0.0,0,,synthetic-eval-v1
42,A2,Multi-agent with static agents,TCK-00022,High,High,0.8205588607766566,0.05842566534558974,False,,1.0,1.0,0.75,0.0001277999999729218,3556,12.0,168.0,0.0,131379,False,False,False,True,False,0.05,0.0,0,15,synthetic-eval-v1
42,A2,Multi-agent with static agents,TCK-00023,Critical,Critical,0.8406416337267991,0.8406416337267991,False,,1.0,1.0,0.75,0.0001266999970539473,3556,12.0,180.0,0.0,137082,True,False,False,True,False,1.0126699997053947,0.0,0,27,synthetic-eval-v1
42,A2,Multi-agent with static agents,TCK-00024,Low,Low,0.8313498387638859,0.058214800522086683,False,,1.0,1.0,0.75,0.00012829999832320027,3556,12.0,168.0,0.0,143003,False,False,False,True,False,2.01282999983232,0.0,0,,synthetic-eval-v1
42,A2,Multi-agent with static agents,TCK-00025,Medium,Medium,0.8334437468559242,0.054229135531028094,False,,1.0,1.0,0.75,0.00014659999942523427,3556,12.0,180.0,0.0,148811,False,False,False,True,False,3.0146599999425234,0.0,0,,synthetic-eval-v1
42,A2,Multi-agent with static agents,TCK-00026,High,High,0.8512587804256944,0.04914319402257475,False,,1.0,1.0,0.75,0.00013110000327287707,3556,12.0,168.0,0.0,154538,False,False,False,True,False,4.013110000327288,0.0,0,37,synthetic-eval-v1
42,A2,Multi-agent with static agents,TCK-00027,Critical,Critical,0.8515015499586847,0.8515015499586847,False,,1.0,1.0,0.75,0.0001298000006499933,3556,12.0,180.0,0.0,160282,True,False,False,True,False,5.012980000064999,0.0,0,1,synthetic-eval-v1
42,A2,Multi-agent with static agents,TCK-00028,Low,Low,0.8119606523319133,0.06317727047772127,False,TCK-00027,1.0,2.0,0.75,0.00012659999993047677,3556,12.0,216.0,0.0,166265,False,False,False,True,False,6.012659999993048,0.0,1,,synthetic-eval-v1
42,A2,Multi-agent with static agents,TCK-00029,Medium,Medium,0.8421312255302699,0.05043460887640814,False,,1.0,1.0,0.75,0.00012759999845002312,3556,12.0,180.0,0.0,172042,False,False,False,True,False,7.012759999845002,0.0,0,,synthetic-eval-v1
42,A2,Multi-agent with static agents,TCK-00030,High,High,0.8512586833862499,0.049143211321564656,False,,1.0,1.0,0.75,0.0001274999995075632,3556,12.0,168.0,0.0,177754,False,False,False,True,False,8.012749999950756,0.0,0,36,synthetic-eval-v1
42,A2,Multi-agent with static agents,TCK-00031,Critical,Critical,0.8436750912484087,0.8436750912484087,False,,1.0,1.0,0.75,0.00012690000039583538,3556,12.0,180.0,0.0,183498,False,False,False,False,False,9.012690000039584,0.0,0,42,synthetic-eval-v1
42,A2,Multi-agent with static agents,TCK-00032,Low,Low,0.8528973766098366,0.048569193252137814,False,,1.0,1.0,0.75,0.0001947999990079552,3556,12.0,168.0,0.0,189226,False,False,False,True,False,10.019479999900796,0.0,0,,synthetic-eval-v1
42,A2,Multi-agent with static agents,TCK-00033,Medium,Medium,0.8411440240376908,0.049543037438767513,False,,1.0,1.0,0.75,0.00013050000052317046,3556,12.0,180.0,0.0,195290,False,False,False,True,False,0.05,0.0,0,,synthetic-eval-v1
42,A2,Multi-agent with static agents,TCK-00034,High,High,0.8432159267464794,0.05050352069609527,False,,1.0,1.0,0.75,0.0001359999969281489,3556,12.0,168.0,0.0,200994,False,False,False,True,False,1.013599999692815,0.0,0,49,synthetic-eval-v1
42,A2,Multi-agent with static agents,TCK-00035,Critical,Critical,0.8138827572016858,0.8138827572016858,False,TCK-00034,1.0,2.0,0.75,0.00013029999718128238,3556,12.0,228.0,0.0,206776,True,False,False,True,False,2.0130299997181282,0.0,0,43,synthetic-eval-v1
42,A2,Multi-agent with static agents,TCK-00036,Low,Low,0.8329777191447283,0.05213858636748864,False,,1.0,1.0,0.75,0.00012899999819637742,3556,12.0,168.0,0.0,212531,False,False,False,True,False,3.0128999998196377,0.0,0,,synthetic-eval-v1
42,A2,Multi-agent with static agents,TCK-00037,Medium,Medium,0.8325578565954513,0.058403731342452726,False,,1.0,1.0,0.75,0.00012840000272262841,3556,12.0,180.0,0.0,218259,False,False,False,True,False,4.012840000272263,0.0,0,,synthetic-eval-v1
42,A2,Multi-agent with static agents,TCK-00038,High,High,0.8287254085607149,0.052377309256147864,False,,1.0,1.0,0.75,0.00012930000048072543,3556,12.0,168.0,0.0,224275,False,False,False,True,False,5.0129300000480725,0.0,1,50,synthetic-eval-v1
42,A2,Multi-agent with static agents,TCK-00039,Critical,Critical,0.8463190944945742,0.8463190944945742,False,,1.0,1.0,0.75,0.00014710000323248096,3556,12.0,180.0,0.0,230018,True,False,False,True,False,6.014710000323248,0.0,0,23,synthetic-eval-v1
42,A2,Multi-agent with static agents,TCK-00040,Low,Low,0.8541305373462752,0.04755144273606049,False,,1.0,1.0,0.75,0.00012900000001536682,3556,12.0,168.0,0.0,235746,False,False,False,True,False,7.012900000001537,0.0,0,,synthetic-eval-v1
42,A2,Multi-agent with static agents,TCK-00041,Medium,Medium,0.844474198843813,0.050402889290034565,False,,1.0,1.0,0.75,0.00012719999904220458,3556,12.0,180.0,0.0,241586,True,False,False,True,False,8.01271999990422,0.0,0,,synthetic-eval-v1
42,A2,Multi-agent with static agents,TCK-00042,High,High,0.8121707239862227,0.06363956845639818,False,TCK-00041,1.0,2.0,0.75,0.00012599999899975955,3556,12.0,216.0,0.0,247345,False,False,False,True,False,9.012599999899976,0.0,0,41,synthetic-eval-v1
42,A2,Multi-agent with static agents,TCK-00043,Critical,Critical,0.8463190423808079,0.8463190423808079,False,,1.0,1.0,0.75,0.00012740000238409266,3556,12.0,180.0,0.0,253122,True,False,False,False,True,10.01274000023841,0.75,0,28,synthetic-eval-v1
42,A2,Multi-agent with static agents,TCK-00044,Low,Low,0.8589643195464981,0.046952688351638454,False,,1.0,1.0,0.75,0.00012710000009974465,3556,12.0,168.0,0.0,259178,False,False,False,True,False,0.05,0.0,0,,synthetic-eval-v1
42,A2,Multi-agent with static agents,TCK-00045,Medium,Medium,0.854225951459069,0.04805190727540314,False,,1.0,1.0,0.75,0.00012719999904220458,3556,12.0,180.0,0.0,264898,False,False,False,True,False,1.0127199999042205,0.0,0,,synthetic-eval-v1
42,A2,Multi-agent with static agents,TCK-00046,High,High,0.8408708181671004,0.05044728605769019,False,,1.0,1.0,0.75,0.00014550000014423858,3556,12.0,168.0,0.0,270626,False,False,False,True,False,2.014550000014424,0.0,0,33,synthetic-eval-v1
42,A2,Multi-agent with static agents,TCK-00047,Critical,Critical,0.8492719423119236,0.8492719423119236,False,,1.0,1.0,0.75,0.000128400000903639,3556,12.0,180.0,0.0,276370,False,False,False,False,False,3.012840000090364,0.0,0,8,synthetic-eval-v1
42,A2,Multi-agent with static agents,TCK-00048,Low,Low,0.8295482415694138,0.056894788208270396,False,,1.0,1.0,0.75,0.00012800000149582047,3556,12.0,168.0,0.0,282099,False,False,False,True,False,4.012800000149582,0.0,1,,synthetic-eval-v1
42,A2,Multi-agent with static agents,TCK-00049,Medium,Medium,0.7983523385999947,0.06727519522722542,False,TCK-00048,1.0,2.0,0.75,0.00012849999802710954,3556,12.0,228.0,0.0,287882,False,False,False,True,False,5.012849999802711,0.0,0,,synthetic-eval-v1
42,A2,Multi-agent with static agents,TCK-00050,High,High,0.8327926930945416,0.0573598177608746,False,,1.0,1.0,0.75,0.00012770000103046186,3556,12.0,168.0,0.0,293635,True,False,False,True,False,6.012770000103046,0.0,0,38,synthetic-eval-v1
42,A2,Multi-agent with static agents,TCK-00051,Critical,Critical,0.8339290445900982,0.8339290445900982,False,,1.0,1.0,0.75,0.00012889999743492808,3556,12.0,180.0,0.0,299715,True,False,False,True,False,7.012889999743493,0.0,0,10,synthetic-eval-v1
42,A2,Multi-agent with static agents,TCK-00052,Low,Low,0.8425040497537181,0.05003339091581188,False,,1.0,1.0,0.75,0.0001283999990846496,3556,12.0,168.0,0.0,305442,False,False,False,True,False,8.012839999908465,0.0,0,,synthetic-eval-v1
42,A2,Multi-agent with static agents,TCK-00053,Medium,Medium,0.853545150825416,0.04869779169688907,False,,1.0,1.0,0.75,0.00014719999853696208,3556,12.0,180.0,0.0,311282,False,False,False,True,False,9.014719999853696,0.0,0,,synthetic-eval-v1
42,A2,Multi-agent with static agents,TCK-00054,High,High,0.8679932976062199,0.043676508277306146,False,,1.0,1.0,0.75,0.0001295000038226135,3556,12.0,168.0,0.0,317009,False,False,False,True,False,10.012950000382261,0.0,0,4,synthetic-eval-v1
42,A2,Multi-agent with static agents,TCK-00055,Critical,Critical,0.8508298105745856,0.8508298105745856,False,,1.0,1.0,0.75,0.00013479999870469328,3556,12.0,180.0,0.0,322754,True,False,False,True,False,0.05,0.0,0,47,synthetic-eval-v1
42,A2,Multi-agent with static agents,TCK-00056,Low,Low,0.8137400992721945,0.06366261441831533,False,TCK-00055,1.0,2.0,0.75,0.00012690000039583538,3556,12.0,216.0,0.0,328489,False,False,False,True,False,1.0126900000395835,0.0,0,,synthetic-eval-v1
42,A2,Multi-agent with static agents,TCK-00057,Medium,Medium,0.8535454070333914,0.04869771988640876,False,,1.0,1.0,0.75,0.0001292000033572549,3556,12.0,180.0,0.0,334266,False,False,False,True,False,2.0129200003357255,0.0,0,,synthetic-eval-v1
42,A2,Multi-agent with static agents,TCK-00058,High,High,0.8532625792480831,0.0485524062004267,False,,1.0,1.0,0.75,0.00012749999768857379,3556,12.0,168.0,0.0,340362,False,False,False,True,False,3.0127499997688574,0.0,1,25,synthetic-eval-v1
42,A2,Multi-agent with static agents,TCK-00059,Critical,Critical,0.8515832320545496,0.8515832320545496,False,,1.0,1.0,0.75,0.0001328999969700817,3556,12.0,180.0,0.0,346106,True,False,False,True,False,4.013289999697008,0.0,0,26,synthetic-eval-v1
42,A2,Multi-agent with static agents,TCK-00060,Low,Low,0.8517788472831144,0.04800484714508097,False,,1.0,1.0,0.75,0.00017689999913272914,3556,12.0,168.0,0.0,351834,False,False,False,True,False,5.017689999913273,0.0,0,,synthetic-eval-v1
42,A2,Multi-agent with static agents,TCK-00061,Medium,Medium,0.8363014619340999,0.05588371424702237,False,,1.0,1.0,0.75,0.00013930000022810418,3556,12.0,180.0,0.0,357579,False,False,False,True,False,6.01393000002281,0.0,0,,synthetic-eval-v1
42,A2,Multi-agent with static agents,TCK-00062,High,High,0.8357832129396915,0.053020056764040785,False,,1.0,1.0,0.75,0.00012740000238409266,3556,12.0,168.0,0.0,363307,False,False,False,True,False,7.012740000238409,0.0,0,19,synthetic-eval-v1
42,A2,Multi-agent with static agents,TCK-00063,Critical,Critical,0.8154418374047281,0.8154418374047281,False,TCK-00062,1.0,2.0,0.75,0.00012739999874611385,3556,12.0,228.0,0.0,369090,True,False,False,True,False,8.012739999874611,0.0,0,46,synthetic-eval-v1
42,A2,Multi-agent with static agents,TCK-00064,Low,Low,0.8347241406766971,0.05354796081460104,False,,1.0,1.0,0.75,0.00012719999722321518,3556,12.0,168.0,0.0,374843,False,False,False,True,False,9.012719999722322,0.0,0,,synthetic-eval-v1
42,A2,Multi-agent with static agents,TCK-00065,Medium,Medium,0.8535451415575053,0.0486978134664661,False,,1.0,1.0,0.75,0.00013450000187731348,3556,12.0,180.0,0.0,380666,False,False,False,True,False,10.013450000187731,0.0,0,,synthetic-eval-v1
42,A2,Multi-agent with static agents,TCK-00066,High,High,0.8532620501393912,0.04855246236534022,False,,1.0,1.0,0.75,0.00015100000018719584,3556,12.0,168.0,0.0,386842,False,False,False,True,False,0.05,0.0,0,39,synthetic-eval-v1
42,A2,Multi-agent with static agents,TCK-00067,Critical,Critical,0.8508299101377877,0.8508299101377877,False,,1.0,1.0,0.75,0.0003330999970785342,3556,12.0,180.0,0.0,392562,False,False,False,False,False,1.0333099997078534,0.0,0,3,synthetic-eval-v1
42,A2,Multi-agent with static agents,TCK-00068,Low,Low,0.8526027101007486,0.04851247459273694,False,,1.0,1.0,0.75,0.00013460000263876282,3556,12.0,168.0,0.0,398290,False,False,False,True,False,2.0134600002638763,0.0,1,,synthetic-eval-v1
42,A2,Multi-agent with static agents,TCK-00069,Medium,Medium,0.8696106029850567,0.04338542632138995,False,,1.0,1.0,0.75,0.0001274999995075632,3556,12.0,180.0,0.0,404033,False,False,False,True,False,3.0127499999507563,0.0,0,,synthetic-eval-v1
42,A2,Multi-agent with static agents,TCK-00070,High,High,0.8125781604350979,0.06830174713891961,True,TCK-00069,1.0,2.0,0.75,0.0001272999961656751,3556,12.0,216.0,0.0,409792,False,False,False,True,False,4.0127299996165675,0.0,0,20,synthetic-eval-v1
42,A2,Multi-agent with static agents,TCK-00071,Critical,Critical,0.8635074430506319,0.8635074430506319,True,,1.0,1.0,0.75,0.0001277999999729218,3556,12.0,180.0,0.0,415570,True,False,False,False,True,5.012779999997292,1.75,0,24,synthetic-eval-v1
42,A2,Multi-agent with static agents,TCK-00072,Low,Low,0.853655555494489,0.04827538793230315,True,,1.0,1.0,0.75,0.0001581999986228766,3556,12.0,168.0,0.0,421306,False,False,False,True,False,6.015819999862288,0.0,0,,synthetic-eval-v1
42,A2,Multi-agent with static agents,TCK-00073,Medium,Medium,0.8696106029850567,0.04338542632138995,True,,1.0,1.0,0.75,0.0001319999992119847,3556,12.0,180.0,0.0,427050,False,False,False,True,False,7.0131999999211985,0.0,0,,synthetic-eval-v1
42,A2,Multi-agent with static agents,TCK-00074,High,High,0.8297383559750653,0.05670025817073469,True,,1.0,1.0,0.75,0.00012759999845002312,3556,12.0,168.0,0.0,432779,False,False,False,True,False,8.012759999845002,0.0,0,45,synthetic-eval-v1
42,A2,Multi-agent with static agents,TCK-00075,Critical,Critical,0.8138305486482627,0.8138305486482627,True,,1.0,1.0,0.75,0.00012719999904220458,3556,12.0,180.0,0.0,438523,False,False,False,False,False,9.01271999990422,0.0,0,40,synthetic-eval-v1
42,A2,Multi-agent with static agents,TCK-00076,Low,Low,0.8281355619353165,0.05946386354915462,True,,1.0,1.0,0.75,0.00012650000280700624,3556,12.0,168.0,0.0,444763,False,False,False,True,False,10.0126500002807,0.0,0,,synthetic-eval-v1
42,A2,Multi-agent with static agents,TCK-00077,Medium,Medium,0.787227325208773,0.07208870614146913,True,TCK-00076,1.0,2.0,0.75,0.00012719999904220458,3556,12.0,228.0,0.0,450674,False,False,False,True,False,0.05,0.0,0,,synthetic-eval-v1
42,A2,Multi-agent with static agents,TCK-00078,High,High,0.8514663368985226,0.04873196466353565,True,,1.0,1.0,0.75,0.00012970000170753337,3556,12.0,168.0,0.0,456402,False,False,False,True,False,1.0129700001707533,0.0,1,35,synthetic-eval-v1
42,A2,Multi-agent with static agents,TCK-00079,Critical,Critical,0.8433725874843359,0.8433725874843359,True,,1.0,1.0,0.75,0.0001536999970994657,3556,12.0,180.0,0.0,462130,True,False,False,True,False,2.0153699997099466,0.0,0,18,synthetic-eval-v1
42,A2,Multi-agent with static agents,TCK-00080,Low,Low,0.8586576054671134,0.04614618407721328,True,,1.0,1.0,0.75,0.00013019999823882245,3556,12.0,168.0,0.0,467858,False,False,False,True,False,3.0130199998238822,0.0,0,,synthetic-eval-v1
42,A2,Multi-agent with static agents,TCK-00081,Medium,Medium,0.8483478552206738,0.049056083782614085,True,,1.0,1.0,0.75,0.00012630000128410757,3556,12.0,180.0,0.0,473602,False,False,False,True,False,4.012630000128411,0.0,0,,synthetic-eval-v1
42,A2,Multi-agent with static agents,TCK-00082,High,High,0.848475115413065,0.04883473635964666,True,,1.0,1.0,0.75,0.00012720000086119398,3556,12.0,168.0,0.0,479330,False,False,False,True,False,5.012720000086119,0.0,0,13,synthetic-eval-v1
42,A2,Multi-agent with static agents,TCK-00083,Critical,Critical,0.8466251486187479,0.8466251486187479,True,,1.0,1.0,0.75,0.00012709999828075524,3556,12.0,180.0,0.0,485074,True,False,False,True,False,6.0127099998280755,0.0,0,12,synthetic-eval-v1
42,A2,Multi-agent with static agents,TCK-00084,Low,Low,0.8248617842669926,0.061074827424616875,True,TCK-00083,1.0,2.0,0.75,0.0001291999997192761,3556,12.0,216.0,0.0,490833,False,False,False,True,False,7.012919999971928,0.0,0,,synthetic-eval-v1
42,A2,Multi-agent with static agents,TCK-00085,Medium,Medium,0.8475396190733485,0.04709076537902759,True,,1.0,1.0,0.75,0.00012880000213044696,3556,12.0,180.0,0.0,496610,True,False,False,True,False,8.012880000213045,0.0,0,,synthetic-eval-v1
42,A2,Multi-agent with static agents,TCK-00086,High,High,0.8679932976062199,0.043676508277306146,True,,1.0,1.0,0.75,0.0001295000001846347,3556,12.0,168.0,0.0,502898,False,False,False,False,True,9.012950000018463,1.0,0,29,synthetic-eval-v1
42,A2,Multi-agent with static agents,TCK-00087,Critical,Critical,0.8436079497892051,0.8436079497892051,True,,1.0,1.0,0.75,0.00014260000170907006,3556,12.0,180.0,0.0,508667,True,False,False,True,False,10.014260000170907,0.0,0,9,synthetic-eval-v1
42,A2,Multi-agent with static agents,TCK-00088,Low,Low,0.8412066683298297,0.04893518656971401,True,,1.0,1.0,0.75,0.00012849999984609894,3556,12.0,168.0,0.0,514395,False,False,False,True,False,0.05,0.0,1,,synthetic-eval-v1
42,A2,Multi-agent with static agents,TCK-00089,Medium,Medium,0.8243462983173117,0.05731603093684592,True,,1.0,1.0,0.75,0.00013360000048123766,3556,12.0,180.0,0.0,520115,False,False,False,True,False,1.0133600000481238,0.0,0,,synthetic-eval-v1
42,A2,Multi-agent with static agents,TCK-00090,High,High,0.8402747643132633,0.050747021831524,True,,1.0,1.0,0.75,0.0001275000013265526,3556,12.0,168.0,0.0,525843,False,False,False,True,False,2.0127500001326553,0.0,0,30,synthetic-eval-v1
42,A2,Multi-agent with static agents,TCK-00091,Critical,Critical,0.8359071431998908,0.8359071431998908,True,TCK-00090,1.0,2.0,0.75,0.00013039999794273172,3556,12.0,228.0,0.0,531624,True,False,False,True,False,3.013039999794273,0.0,0,22,synthetic-eval-v1
42,A2,Multi-agent with static agents,TCK-00092,Low,Low,0.8592798060501866,0.046146994166822185,True,,1.0,1.0,0.75,0.0001277999999729218,3556,12.0,168.0,0.0,537378,True,False,False,True,False,4.012779999997292,0.0,0,,synthetic-eval-v1
42,A2,Multi-agent with static agents,TCK-00093,Medium,Medium,0.8385619785182018,0.0507194828010755,True,,1.0,1.0,0.75,0.00017040000057022553,3556,12.0,180.0,0.0,543234,False,False,False,True,False,5.0170400000570226,0.0,0,,synthetic-eval-v1
42,A2,Multi-agent with static agents,TCK-00094,High,High,0.8461065795570356,0.049426384171114786,True,,1.0,1.0,0.75,0.00020250000125088263,3556,12.0,168.0,0.0,548962,False,False,False,True,False,6.020250000125088,0.0,0,34,synthetic-eval-v1
42,A2,Multi-agent with static agents,TCK-00095,Critical,Critical,0.8635074430506319,0.8635074430506319,True,,1.0,1.0,0.75,0.00013809999836666975,3556,12.0,180.0,0.0,554706,True,False,False,True,False,7.013809999836667,0.0,0,17,synthetic-eval-v1
42,A2,Multi-agent with static agents,TCK-00096,Low,Low,0.8479704789562094,0.048596458506357236,True,,1.0,1.0,0.75,0.00012829999832320027,3556,12.0,168.0,0.0,560434,False,False,False,True,False,8.01282999983232,0.0,0,,synthetic-eval-v1
42,A2,Multi-agent with static agents,TCK-00097,Medium,Medium,0.8490148298106313,0.05201718776117453,True,,1.0,1.0,0.75,0.0001300999992963625,3556,12.0,180.0,0.0,566178,False,False,False,True,False,9.013009999929636,0.0,0,,synthetic-eval-v1
42,A2,Multi-agent with static agents,TCK-00098,High,High,0.8046542199587385,0.06597639640133894,True,TCK-00097,1.0,2.0,0.75,0.00012820000119972974,3556,12.0,216.0,0.0,572577,False,False,False,True,False,10.012820000119973,0.0,1,7,synthetic-eval-v1
42,A2,Multi-agent with static agents,TCK-00099,Critical,Critical,0.8466251486187479,0.8466251486187479,True,,1.0,1.0,0.75,0.00012820000301871914,3556,12.0,180.0,0.0,578354,True,False,False,True,False,0.05,0.0,0,32,synthetic-eval-v1
42,A3,Multi-agent with mobile agents,TCK-00000,Low,Low,0.8536555936403968,0.04827540796263347,False,,1.0,1.0,0.75,0.00018680000175663736,4161,13.0,168.0,0.0,5568,False,False,False,True,False,0.05,0.0,0,,synthetic-eval-v1
42,A3,Multi-agent with mobile agents,TCK-00001,Medium,Medium,0.8535214524329849,0.048706851117491116,False,,1.0,1.0,0.75,0.00012399999650369864,4161,13.0,180.0,0.0,11482,False,True,False,True,False,1.0123999996503699,0.0,0,,synthetic-eval-v1
42,A3,Multi-agent with mobile agents,TCK-00002,High,High,0.8679932976062199,0.043676508277306146,False,,1.0,1.0,0.75,0.00012079999942216091,4161,13.0,168.0,0.0,17061,False,True,False,True,False,2.012079999942216,0.0,0,9,synthetic-eval-v1
42,A3,Multi-agent with mobile agents,TCK-00003,Critical,Critical,0.8551639842327763,0.8551639842327763,False,,1.0,1.0,0.75,0.0001489000023866538,4161,13.0,180.0,0.0,22594,False,False,False,False,False,3.0148900002386654,0.0,0,31,synthetic-eval-v1
42,A3,Multi-agent with mobile agents,TCK-00004,Low,Low,0.8457736308403975,0.049899199954870244,False,,1.0,1.0,0.75,0.00012600000081874896,4161,13.0,168.0,0.0,28174,False,False,False,True,False,4.012600000081875,0.0,0,,synthetic-eval-v1
42,A3,Multi-agent with mobile agents,TCK-00005,Medium,Medium,0.8535210612190122,0.048706824764992857,False,,1.0,1.0,0.75,0.00013339999895833898,4161,13.0,180.0,0.0,33898,False,False,False,True,False,5.013339999895834,0.0,0,,synthetic-eval-v1
42,A3,Multi-agent with mobile agents,TCK-00006,High,High,0.8426233135785252,0.05362838541657466,False,,1.0,1.0,0.75,0.0001917000008688774,4161,13.0,168.0,0.0,39918,False,False,False,True,False,6.019170000086888,0.0,0,25,synthetic-eval-v1
42,A3,Multi-agent with mobile agents,TCK-00007,Critical,Critical,0.8242224414373359,0.8242224414373359,False,TCK-00006,1.0,2.0,0.75,0.00015219999841065146,4161,13.0,228.0,0.0,45896,True,False,False,True,False,7.015219999841065,0.0,1,50,synthetic-eval-v1
42,A3,Multi-agent with mobile agents,TCK-00008,Low,Low,0.8561084929993047,0.049630284029602345,False,,1.0,1.0,0.75,0.00014660000306321308,4161,13.0,168.0,0.0,51942,False,True,False,True,False,8.014660000306321,0.0,0,,synthetic-eval-v1
42,A3,Multi-agent with mobile agents,TCK-00009,Medium,Medium,0.8269440344903481,0.05803353934069624,False,,1.0,1.0,0.75,0.00014709999959450215,4161,13.0,180.0,0.0,57931,False,False,False,True,False,9.01470999995945,0.0,0,,synthetic-eval-v1
42,A3,Multi-agent with mobile agents,TCK-00010,High,High,0.8345466635320546,0.05289431726607776,False,,1.0,1.0,0.75,0.00014370000280905515,4161,13.0,168.0,0.0,63951,False,False,False,True,False,10.014370000280906,0.0,0,29,synthetic-eval-v1
42,A3,Multi-agent with mobile agents,TCK-00011,Critical,Critical,0.8410311049826104,0.8410311049826104,False,,1.0,1.0,0.75,0.00014449999980570283,4161,13.0,180.0,0.0,69891,False,False,False,False,False,0.05,0.0,0,30,synthetic-eval-v1
42,A3,Multi-agent with mobile agents,TCK-00012,Low,Low,0.8253642393920524,0.05575745665199652,False,,1.0,1.0,0.75,0.00016430000141554046,4161,13.0,168.0,0.0,75919,False,False,False,True,False,1.016430000141554,0.0,0,,synthetic-eval-v1
42,A3,Multi-agent with mobile agents,TCK-00013,Medium,Medium,0.849390528415511,0.05092343485245197,False,,1.0,1.0,0.75,0.00014719999853696208,4161,13.0,180.0,0.0,81858,False,True,False,True,False,2.014719999853696,0.0,0,,synthetic-eval-v1
42,A3,Multi-agent with mobile agents,TCK-00014,High,High,0.8038669142263412,0.06615729208278533,False,TCK-00013,1.0,2.0,0.75,0.00014419999752135482,4161,13.0,216.0,0.0,87813,False,False,False,True,False,3.0144199997521355,0.0,0,49,synthetic-eval-v1
42,A3,Multi-agent with mobile agents,TCK-00015,Critical,Critical,0.8463190944945742,0.8463190944945742,False,,1.0,1.0,0.75,0.00014559999908669852,4161,13.0,180.0,0.0,92906,True,False,False,True,False,4.01455999990867,0.0,0,27,synthetic-eval-v1
42,A3,Multi-agent with mobile agents,TCK-00016,Low,Low,0.869897846966885,0.042869325774183085,False,,1.0,1.0,0.75,0.00014399999963643495,4161,13.0,168.0,0.0,97357,False,False,False,True,False,5.0143999999636435,0.0,0,,synthetic-eval-v1
42,A3,Multi-agent with mobile agents,TCK-00017,Medium,Medium,0.8696106029850567,0.04338542632138995,False,,1.0,1.0,0.75,0.00014450000162469223,4161,13.0,180.0,0.0,101905,False,True,False,True,False,6.014450000162469,0.0,1,,synthetic-eval-v1
42,A3,Multi-agent with mobile agents,TCK-00018,High,High,0.8479715317602189,0.05103389939444656,False,,1.0,1.0,0.75,0.0001489000060246326,4161,13.0,168.0,0.0,106534,False,False,False,True,False,7.014890000602463,0.0,0,20,synthetic-eval-v1
42,A3,Multi-agent with mobile agents,TCK-00019,Critical,Critical,0.8463190423808079,0.8463190423808079,False,,1.0,1.0,0.75,0.00015629999870725442,4161,13.0,180.0,0.0,111018,False,False,False,False,False,8.015629999870725,0.0,0,41,synthetic-eval-v1
42,A3,Multi-agent with mobile agents,TCK-00020,Low,Low,0.853655555494489,0.04827538793230315,False,,1.0,1.0,0.75,0.00014409999675990548,4161,13.0,168.0,0.0,115486,False,False,False,True,False,9.01440999967599,0.0,0,,synthetic-eval-v1
42,A3,Multi-agent with mobile agents,TCK-00021,Medium,Medium,0.8158005682530461,0.06366907417875038,False,TCK-00020,1.0,2.0,0.75,0.00014369999917107634,4161,13.0,228.0,0.0,120168,False,True,False,True,False,10.014369999917108,0.0,0,,synthetic-eval-v1
42,A3,Multi-agent with mobile agents,TCK-00022,High,High,0.8205588607766566,0.05842566534558974,False,,1.0,1.0,0.75,0.00014480000027106144,4161,13.0,168.0,0.0,124663,False,True,False,False,True,0.05,1.5,0,16,synthetic-eval-v1
42,A3,Multi-agent with mobile agents,TCK-00023,Critical,Critical,0.8406416337267991,0.8406416337267991,False,,1.0,1.0,0.75,0.00014509999891743064,4161,13.0,180.0,0.0,129130,True,False,False,True,False,1.014509999891743,0.0,0,22,synthetic-eval-v1
42,A3,Multi-agent with mobile agents,TCK-00024,Low,Low,0.8313498387638859,0.058214800522086683,False,,1.0,1.0,0.75,0.00018200000158685725,4161,13.0,168.0,0.0,133791,False,False,False,True,False,2.0182000001586857,0.0,0,,synthetic-eval-v1
42,A3,Multi-agent with mobile agents,TCK-00025,Medium,Medium,0.8334437468559242,0.054229135531028094,False,,1.0,1.0,0.75,0.0001604999997653067,4161,13.0,180.0,0.0,138339,False,False,False,True,False,3.0160499999765307,0.0,0,,synthetic-eval-v1
42,A3,Multi-agent with mobile agents,TCK-00026,High,High,0.8512587804256944,0.04914319402257475,False,,1.0,1.0,0.75,0.00014589999955205712,4161,13.0,168.0,0.0,142806,False,True,False,True,False,4.014589999955206,0.0,0,23,synthetic-eval-v1
42,A3,Multi-agent with mobile agents,TCK-00027,Critical,Critical,0.8515015499586847,0.8515015499586847,False,,1.0,1.0,0.75,0.00014400000145542435,4161,13.0,180.0,0.0,147290,True,False,False,True,False,5.014400000145542,0.0,1,33,synthetic-eval-v1
42,A3,Multi-agent with mobile agents,TCK-00028,Low,Low,0.8119606523319133,0.06317727047772127,False,TCK-00027,1.0,2.0,0.75,0.0001446999995096121,4161,13.0,216.0,0.0,152013,False,False,False,True,False,6.014469999950961,0.0,0,,synthetic-eval-v1
42,A3,Multi-agent with mobile agents,TCK-00029,Medium,Medium,0.8421312255302699,0.05043460887640814,False,,1.0,1.0,0.75,0.0001520000005257316,4161,13.0,180.0,0.0,156530,True,False,False,True,False,7.015200000052573,0.0,0,,synthetic-eval-v1
42,A3,Multi-agent with mobile agents,TCK-00030,High,High,0.8512586833862499,0.049143211321564656,False,,1.0,1.0,0.75,0.00014489999921352137,4161,13.0,168.0,0.0,160982,False,True,False,False,True,8.014489999921352,0.5,0,10,synthetic-eval-v1
42,A3,Multi-agent with mobile agents,TCK-00031,Critical,Critical,0.8436750912484087,0.8436750912484087,False,,1.0,1.0,0.75,0.000206600003366475,4161,13.0,180.0,0.0,165490,False,False,False,False,False,9.020660000336647,0.0,0,4,synthetic-eval-v1
42,A3,Multi-agent with mobile agents,TCK-00032,Low,Low,0.8528973766098366,0.048569193252137814,False,,1.0,1.0,0.75,0.00014680000094813295,4161,13.0,168.0,0.0,169958,False,False,False,True,False,10.014680000094813,0.0,0,,synthetic-eval-v1
42,A3,Multi-agent with mobile agents,TCK-00033,Medium,Medium,0.8411440240376908,0.049543037438767513,False,,1.0,1.0,0.75,0.0001460999992559664,4161,13.0,180.0,0.0,174762,False,False,False,True,False,0.05,0.0,0,,synthetic-eval-v1
42,A3,Multi-agent with mobile agents,TCK-00034,High,High,0.8432159267464794,0.05050352069609527,False,,1.0,1.0,0.75,0.00014200000077835284,4161,13.0,168.0,0.0,179206,False,False,False,False,True,1.0142000000778353,1.5,0,5,synthetic-eval-v1
42,A3,Multi-agent with mobile agents,TCK-00035,Critical,Critical,0.8138827572016858,0.8138827572016858,False,TCK-00034,1.0,2.0,0.75,0.00014450000344368163,4161,13.0,228.0,0.0,183752,True,False,False,True,False,2.014450000344368,0.0,0,44,synthetic-eval-v1
42,A3,Multi-agent with mobile agents,TCK-00036,Low,Low,0.8329777191447283,0.05213858636748864,False,,1.0,1.0,0.75,0.00014339999870571773,4161,13.0,168.0,0.0,188247,False,False,False,True,False,3.0143399998705718,0.0,0,,synthetic-eval-v1
42,A3,Multi-agent with mobile agents,TCK-00037,Medium,Medium,0.8325578565954513,0.058403731342452726,False,,1.0,1.0,0.75,0.00015549999807262793,4161,13.0,180.0,0.0,192715,False,False,False,True,False,4.015549999807263,0.0,1,,synthetic-eval-v1
42,A3,Multi-agent with mobile agents,TCK-00038,High,High,0.8287254085607149,0.052377309256147864,False,,1.0,1.0,0.75,0.00015619999794580508,4161,13.0,168.0,0.0,197471,False,False,False,True,False,5.0156199997945805,0.0,0,21,synthetic-eval-v1
42,A3,Multi-agent with mobile agents,TCK-00039,Critical,Critical,0.8463190944945742,0.8463190944945742,False,,1.0,1.0,0.75,0.00014560000090568792,4161,13.0,180.0,0.0,201954,True,False,False,False,True,6.014560000090569,1.25,0,8,synthetic-eval-v1
42,A3,Multi-agent with mobile agents,TCK-00040,Low,Low,0.8541305373462752,0.04755144273606049,False,,1.0,1.0,0.75,0.00014449999980570283,4161,13.0,168.0,0.0,206446,False,True,False,True,False,7.01444999998057,0.0,0,,synthetic-eval-v1
42,A3,Multi-agent with mobile agents,TCK-00041,Medium,Medium,0.844474198843813,0.050402889290034565,False,,1.0,1.0,0.75,0.00014379999993252568,4161,13.0,180.0,0.0,211026,False,False,False,True,False,8.014379999993253,0.0,0,,synthetic-eval-v1
42,A3,Multi-agent with mobile agents,TCK-00042,High,High,0.8121707239862227,0.06363956845639818,False,TCK-00041,1.0,2.0,0.75,0.00015390000226034317,4161,13.0,216.0,0.0,215525,False,True,False,True,False,9.015390000226034,0.0,0,42,synthetic-eval-v1
42,A3,Multi-agent with mobile agents,TCK-00043,Critical,Critical,0.8463190423808079,0.8463190423808079,False,,1.0,1.0,0.75,0.00014380000175151508,4161,13.0,180.0,0.0,220042,True,False,False,True,False,10.014380000175152,0.0,0,26,synthetic-eval-v1
42,A3,Multi-agent with mobile agents,TCK-00044,Low,Low,0.8589643195464981,0.046952688351638454,False,,1.0,1.0,0.75,0.00022969999554334208,4161,13.0,168.0,0.0,224814,False,False,False,True,False,0.05,0.0,0,,synthetic-eval-v1
42,A3,Multi-agent with mobile agents,TCK-00045,Medium,Medium,0.854225951459069,0.04805190727540314,False,,1.0,1.0,0.75,0.0001444000008632429,4161,13.0,180.0,0.0,229274,False,False,False,True,False,1.0144400000863243,0.0,0,,synthetic-eval-v1
42,A3,Multi-agent with mobile agents,TCK-00046,High,High,0.8408708181671004,0.05044728605769019,False,,1.0,1.0,0.75,0.00014320000082079787,4161,13.0,168.0,0.0,233742,True,False,False,False,True,2.01432000008208,1.5,0,45,synthetic-eval-v1
42,A3,Multi-agent with mobile agents,TCK-00047,Critical,Critical,0.8492719423119236,0.8492719423119236,False,,1.0,1.0,0.75,0.00014379999993252568,4161,13.0,180.0,0.0,238250,True,False,False,False,True,3.0143799999932526,1.75,1,43,synthetic-eval-v1
42,A3,Multi-agent with mobile agents,TCK-00048,Low,Low,0.8295482415694138,0.056894788208270396,False,,1.0,1.0,0.75,0.000143599998409627,4161,13.0,168.0,0.0,242743,False,False,False,True,False,4.014359999840963,0.0,0,,synthetic-eval-v1
42,A3,Multi-agent with mobile agents,TCK-00049,Medium,Medium,0.7983523385999947,0.06727519522722542,False,TCK-00048,1.0,2.0,0.75,0.00017590000061318278,4161,13.0,228.0,0.0,247266,False,False,False,True,False,5.017590000061318,0.0,0,,synthetic-eval-v1
42,A3,Multi-agent with mobile agents,TCK-00050,High,High,0.8327926930945416,0.0573598177608746,False,,1.0,1.0,0.75,0.00015809999604243785,4161,13.0,168.0,0.0,251759,False,False,False,True,False,6.015809999604244,0.0,0,19,synthetic-eval-v1
42,A3,Multi-agent with mobile agents,TCK-00051,Critical,Critical,0.8339290445900982,0.8339290445900982,False,,1.0,1.0,0.75,0.00014449999980570283,4161,13.0,180.0,0.0,256579,True,False,False,True,False,7.01444999998057,0.0,0,32,synthetic-eval-v1
42,A3,Multi-agent with mobile agents,TCK-00052,Low,Low,0.8425040497537181,0.05003339091581188,False,,1.0,1.0,0.75,0.0001438000035705045,4161,13.0,168.0,0.0,261046,False,False,False,True,False,8.01438000035705,0.0,0,,synthetic-eval-v1
42,A3,Multi-agent with mobile agents,TCK-00053,Medium,Medium,0.853545150825416,0.04869779169688907,False,,1.0,1.0,0.75,0.00015049999819893856,4161,13.0,180.0,0.015625,265626,False,True,False,True,False,9.015049999819894,0.0,0,,synthetic-eval-v1
42,A3,Multi-agent with mobile agents,TCK-00054,High,High,0.8679932976062199,0.043676508277306146,False,,1.0,1.0,0.75,0.0001447000013286015,4161,13.0,168.0,0.0,270093,True,False,False,True,False,10.01447000013286,0.0,0,1,synthetic-eval-v1
42,A3,Multi-agent with mobile agents,TCK-00055,Critical,Critical,0.8508298105745856,0.8508298105745856,False,,1.0,1.0,0.75,0.00014450000344368163,4161,13.0,180.0,0.0,274578,True,False,False,True,False,0.05,0.0,0,40,synthetic-eval-v1
42,A3,Multi-agent with mobile agents,TCK-00056,Low,Low,0.8137400992721945,0.06366261441831533,False,TCK-00055,1.0,2.0,0.75,0.00021390000074461568,4161,13.0,216.0,0.0,279053,False,True,False,True,False,1.0213900000744616,0.0,0,,synthetic-eval-v1
42,A3,Multi-agent with mobile agents,TCK-00057,Medium,Medium,0.8535454070333914,0.04869771988640876,False,,1.0,1.0,0.75,0.0001467000001866836,4161,13.0,180.0,0.0,283570,False,False,False,True,False,2.0146700000186684,0.0,1,,synthetic-eval-v1
42,A3,Multi-agent with mobile agents,TCK-00058,High,High,0.8532625792480831,0.0485524062004267,False,,1.0,1.0,0.75,0.00014620000183640514,4161,13.0,168.0,0.0,288406,False,False,False,True,False,3.0146200001836405,0.0,0,34,synthetic-eval-v1
42,A3,Multi-agent with mobile agents,TCK-00059,Critical,Critical,0.8515832320545496,0.8515832320545496,False,,1.0,1.0,0.75,0.0001463999979023356,4161,13.0,180.0,0.0,292890,True,False,False,True,False,4.014639999790234,0.0,0,3,synthetic-eval-v1
42,A3,Multi-agent with mobile agents,TCK-00060,Low,Low,0.8517788472831144,0.04800484714508097,False,,1.0,1.0,0.75,0.00014390000069397502,4161,13.0,168.0,0.0,297358,False,False,False,True,False,5.0143900000693975,0.0,0,,synthetic-eval-v1
42,A3,Multi-agent with mobile agents,TCK-00061,Medium,Medium,0.8363014619340999,0.05588371424702237,False,,1.0,1.0,0.75,0.0001522999973531114,4161,13.0,180.0,0.0,301843,False,False,False,True,False,6.015229999735311,0.0,0,,synthetic-eval-v1
42,A3,Multi-agent with mobile agents,TCK-00062,High,High,0.8357832129396915,0.053020056764040785,False,,1.0,1.0,0.75,0.00019389999943086877,4161,13.0,168.0,0.0,306311,False,False,False,True,False,7.019389999943087,0.0,0,15,synthetic-eval-v1
42,A3,Multi-agent with mobile agents,TCK-00063,Critical,Critical,0.8154418374047281,0.8154418374047281,False,TCK-00062,1.0,2.0,0.75,0.00014650000048277434,4161,13.0,228.0,0.0,310834,True,False,False,True,False,8.014650000048277,0.0,0,37,synthetic-eval-v1
42,A3,Multi-agent with mobile agents,TCK-00064,Low,Low,0.8347241406766971,0.05354796081460104,False,,1.0,1.0,0.75,0.0001474999971833313,4161,13.0,168.0,0.0,315327,False,True,False,True,False,9.014749999718333,0.0,0,,synthetic-eval-v1
42,A3,Multi-agent with mobile agents,TCK-00065,Medium,Medium,0.8535451415575053,0.0486978134664661,False,,1.0,1.0,0.75,0.00014479999845207203,4161,13.0,180.0,0.0,319890,False,True,False,True,False,10.014479999845207,0.0,0,,synthetic-eval-v1
42,A3,Multi-agent with mobile agents,TCK-00066,High,High,0.8532620501393912,0.04855246236534022,False,,1.0,1.0,0.75,0.00014430000010179356,4161,13.0,168.0,0.0,324806,False,True,False,True,False,0.05,0.0,0,6,synthetic-eval-v1
42,A3,Multi-agent with mobile agents,TCK-00067,Critical,Critical,0.8508299101377877,0.8508299101377877,False,,1.0,1.0,0.75,0.00014490000103251077,4161,13.0,180.0,0.0,329266,True,False,False,False,True,1.014490000103251,0.75,1,38,synthetic-eval-v1
42,A3,Multi-agent with mobile agents,TCK-00068,Low,Low,0.8526027101007486,0.04851247459273694,False,,1.0,1.0,0.75,0.00018249999629915692,4161,13.0,168.0,0.0,333758,False,False,False,True,False,2.0182499996299157,0.0,0,,synthetic-eval-v1
42,A3,Multi-agent with mobile agents,TCK-00069,Medium,Medium,0.8696106029850567,0.04338542632138995,False,,1.0,1.0,0.75,0.00015100000018719584,4161,13.0,180.0,0.0,338241,False,False,False,True,False,3.0151000000187196,0.0,0,,synthetic-eval-v1
42,A3,Multi-agent with mobile agents,TCK-00070,High,High,0.8125781604350979,0.06830174713891961,True,TCK-00069,1.0,2.0,0.75,0.00014510000073642004,4161,13.0,216.0,0.0,342740,False,False,False,False,True,4.014510000073642,1.5,0,28,synthetic-eval-v1
42,A3,Multi-agent with mobile agents,TCK-00071,Critical,Critical,0.8635074430506319,0.8635074430506319,True,,1.0,1.0,0.75,0.0001436000020476058,4161,13.0,180.0,0.0,347282,True,False,False,True,False,5.014360000204761,0.0,0,18,synthetic-eval-v1
42,A3,Multi-agent with mobile agents,TCK-00072,Low,Low,0.853655555494489,0.04827538793230315,True,,1.0,1.0,0.75,0.0001426999988325406,4161,13.0,168.0,0.0,351734,True,False,False,True,False,6.014269999883254,0.0,0,,synthetic-eval-v1
42,A3,Multi-agent with mobile agents,TCK-00073,Medium,Medium,0.8696106029850567,0.04338542632138995,True,,1.0,1.0,0.75,0.00014449999980570283,4161,13.0,180.0,0.0,356218,False,False,False,True,False,7.01444999998057,0.0,0,,synthetic-eval-v1
42,A3,Multi-agent with mobile agents,TCK-00074,High,High,0.8297383559750653,0.05670025817073469,True,,1.0,1.0,0.75,0.00014659999942523427,4161,13.0,168.0,0.0,360687,False,False,False,True,False,8.014659999942523,0.0,0,39,synthetic-eval-v1
42,A3,Multi-agent with mobile agents,TCK-00075,Critical,Critical,0.8138305486482627,0.8138305486482627,True,,1.0,1.0,0.75,0.00015729999904579017,4161,13.0,180.0,0.0,365171,True,False,False,True,False,9.015729999904579,0.0,0,13,synthetic-eval-v1
42,A3,Multi-agent with mobile agents,TCK-00076,Low,Low,0.8281355619353165,0.05946386354915462,True,,1.0,1.0,0.75,0.00014450000162469223,4161,13.0,168.0,0.0,370151,False,True,False,True,False,10.01445000016247,0.0,0,,synthetic-eval-v1
42,A3,Multi-agent with mobile agents,TCK-00077,Medium,Medium,0.787227325208773,0.07208870614146913,True,TCK-00076,1.0,2.0,0.75,0.0001438999988749856,4161,13.0,228.0,0.0,374802,False,True,False,True,False,0.05,0.0,1,,synthetic-eval-v1
42,A3,Multi-agent with mobile agents,TCK-00078,High,High,0.8514663368985226,0.04873196466353565,True,,1.0,1.0,0.75,0.0001429999992978992,4161,13.0,168.0,0.0,379270,False,True,False,True,False,1.01429999992979,0.0,0,36,synthetic-eval-v1
42,A3,Multi-agent with mobile agents,TCK-00079,Critical,Critical,0.8433725874843359,0.8433725874843359,True,,1.0,1.0,0.75,0.00014409999857889488,4161,13.0,180.0,0.0,383738,True,False,False,True,False,2.0144099998578895,0.0,0,17,synthetic-eval-v1
42,A3,Multi-agent with mobile agents,TCK-00080,Low,Low,0.8586576054671134,0.04614618407721328,True,,1.0,1.0,0.75,0.0001433000015822472,4161,13.0,168.0,0.0,388206,False,True,False,True,False,3.0143300001582247,0.0,0,,synthetic-eval-v1
42,A3,Multi-agent with mobile agents,TCK-00081,Medium,Medium,0.8483478552206738,0.049056083782614085,True,,1.0,1.0,0.75,0.00016590000086580403,4161,13.0,180.0,0.0,392690,False,False,False,True,False,4.01659000008658,0.0,0,,synthetic-eval-v1
42,A3,Multi-agent with mobile agents,TCK-00082,High,High,0.848475115413065,0.04883473635964666,True,,1.0,1.0,0.75,0.000145500001963228,4161,13.0,168.0,0.0,397158,False,True,False,True,False,5.014550000196323,0.0,0,12,synthetic-eval-v1
42,A3,Multi-agent with mobile agents,TCK-00083,Critical,Critical,0.8466251486187479,0.8466251486187479,True,,1.0,1.0,0.75,0.0001449999981559813,4161,13.0,180.0,0.0,401642,True,False,False,True,False,6.014499999815598,0.0,0,48,synthetic-eval-v1
42,A3,Multi-agent with mobile agents,TCK-00084,Low,Low,0.8248617842669926,0.061074827424616875,True,TCK-00083,1.0,2.0,0.75,0.00014349999946716707,4161,13.0,216.0,0.0,406141,False,False,False,True,False,7.014349999946717,0.0,0,,synthetic-eval-v1
42,A3,Multi-agent with mobile agents,TCK-00085,Medium,Medium,0.8475396190733485,0.04709076537902759,True,,1.0,1.0,0.75,0.00014569999984814785,4161,13.0,180.0,0.0,410658,False,False,False,True,False,8.014569999984815,0.0,0,,synthetic-eval-v1
42,A3,Multi-agent with mobile agents,TCK-00086,High,High,0.8679932976062199,0.043676508277306146,True,,1.0,1.0,0.75,0.00013980000039737206,4161,13.0,168.0,0.0,415686,False,False,False,True,False,9.013980000039737,0.0,0,11,synthetic-eval-v1
42,A3,Multi-agent with mobile agents,TCK-00087,Critical,Critical,0.8436079497892051,0.8436079497892051,True,,1.0,1.0,0.75,0.00019319999955769163,4161,13.0,180.0,0.0,420171,True,False,False,True,False,10.01931999995577,0.0,1,14,synthetic-eval-v1
42,A3,Multi-agent with mobile agents,TCK-00088,Low,Low,0.8412066683298297,0.04893518656971401,True,,1.0,1.0,0.75,0.00014120000378170516,4161,13.0,168.0,0.0,424639,False,True,False,True,False,0.05,0.0,0,,synthetic-eval-v1
42,A3,Multi-agent with mobile agents,TCK-00089,Medium,Medium,0.8243462983173117,0.05731603093684592,True,,1.0,1.0,0.75,0.00014000000010128133,4161,13.0,180.0,0.0,429099,False,True,False,True,False,1.0140000000101281,0.0,0,,synthetic-eval-v1
42,A3,Multi-agent with mobile agents,TCK-00090,High,High,0.8402747643132633,0.050747021831524,True,,1.0,1.0,0.75,0.00014059999921300914,4161,13.0,168.0,0.0,433567,False,False,False,True,False,2.014059999921301,0.0,0,46,synthetic-eval-v1
42,A3,Multi-agent with mobile agents,TCK-00091,Critical,Critical,0.8359071431998908,0.8359071431998908,True,TCK-00090,1.0,2.0,0.75,0.0001396000025124522,4161,13.0,228.0,0.0,438088,True,False,False,False,True,3.013960000251245,0.75,0,47,synthetic-eval-v1
42,A3,Multi-agent with mobile agents,TCK-00092,Low,Low,0.8592798060501866,0.046146994166822185,True,,1.0,1.0,0.75,0.0001390999968862161,4161,13.0,168.0,0.0,442606,False,False,False,True,False,4.013909999688622,0.0,0,,synthetic-eval-v1
42,A3,Multi-agent with mobile agents,TCK-00093,Medium,Medium,0.8385619785182018,0.0507194828010755,True,,1.0,1.0,0.75,0.00014249999912863132,4161,13.0,180.0,0.0,447202,False,True,False,True,False,5.014249999912863,0.0,0,,synthetic-eval-v1
42,A3,Multi-agent with mobile agents,TCK-00094,High,High,0.8461065795570356,0.049426384171114786,True,,1.0,1.0,0.75,0.00022119999630376697,4161,13.0,168.0,0.0,451670,False,False,False,True,False,6.022119999630377,0.0,0,7,synthetic-eval-v1
42,A3,Multi-agent with mobile agents,TCK-00095,Critical,Critical,0.8635074430506319,0.8635074430506319,True,,1.0,1.0,0.75,0.00014409999675990548,4161,13.0,180.0,0.0,456154,True,False,False,False,True,7.0144099996759905,1.75,0,2,synthetic-eval-v1
42,A3,Multi-agent with mobile agents,TCK-00096,Low,Low,0.8479704789562094,0.048596458506357236,True,,1.0,1.0,0.75,0.0001404999984515598,4161,13.0,168.0,0.0,460646,True,True,True,True,False,8.014049999845156,0.0,0,,synthetic-eval-v1
42,A3,Multi-agent with mobile agents,TCK-00097,Medium,Medium,0.8490148298106313,0.05201718776117453,True,,1.0,1.0,0.75,0.0001391000005241949,4161,13.0,180.0,0.0,465130,False,False,False,True,False,9.01391000005242,0.0,1,,synthetic-eval-v1
42,A3,Multi-agent with mobile agents,TCK-00098,High,High,0.8046542199587385,0.06597639640133894,True,TCK-00097,1.0,2.0,0.75,0.00013969999781693332,4161,13.0,216.0,0.0,470269,False,False,False,True,False,10.013969999781693,0.0,0,24,synthetic-eval-v1
42,A3,Multi-agent with mobile agents,TCK-00099,Critical,Critical,0.8466251486187479,0.8466251486187479,True,,1.0,1.0,0.75,0.00013889999900129624,4161,13.0,180.0,0.0,474786,True,False,False,True,False,0.05,0.0,0,35,synthetic-eval-v1
