threshold,fpr,tpr,dataset_version
1.0,0.0,0.0,synthetic-eval-v1
0.99,0.0,0.0,synthetic-eval-v1
0.98,0.0,0.0,synthetic-eval-v1
0.97,0.0,0.0,synthetic-eval-v1
0.96,0.0,0.0,synthetic-eval-v1
0.95,0.0,0.0,synthetic-eval-v1
0.94,0.0,0.0,synthetic-eval-v1
0.9299999999999999,0.0,0.0,synthetic-eval-v1
0.92,0.0,0.0,synthetic-eval-v1
0.91,0.0,0.0,synthetic-eval-v1
0.9,0.0,0.0,synthetic-eval-v1
0.89,0.0,0.0,synthetic-eval-v1
0.88,0.0,0.0,synthetic-eval-v1
0.87,0.0,0.0,synthetic-eval-v1
0.86,0.0,0.275,synthetic-eval-v1
0.85,0.0,0.375,synthetic-eval-v1
0.84,0.0,0.825,synthetic-eval-v1
0.83,0.0,0.9,synthetic-eval-v1
0.8200000000000001,0.0,0.95,synthetic-eval-v1
0.81,0.0,0.975,synthetic-eval-v1
0.8,0.0,1.0,synthetic-eval-v1
0.79,0.0,1.0,synthetic-eval-v1
0.78,0.0,1.0,synthetic-eval-v1
0.77,0.0,1.0,synthetic-eval-v1
0.76,0.0,1.0,synthetic-eval-v1
0.75,0.0,1.0,synthetic-eval-v1
0.74,0.0,1.0,synthetic-eval-v1
0.73,0.0,1.0,synthetic-eval-v1
0.72,0.0,1.0,synthetic-eval-v1
0.71,0.0,1.0,synthetic-eval-v1
0.7,0.0,1.0,synthetic-eval-v1
0.69,0.0,1.0,synthetic-eval-v1
0.6799999999999999,0.0,1.0,synthetic-eval-v1
0.6699999999999999,0.0,1.0,synthetic-eval-v1
0.6599999999999999,0.0,1.0,synthetic-eval-v1
0.6499999999999999,0.0,1.0,synthetic-eval-v1
0.64,0.0,1.0,synthetic-eval-v1
0.63,0.0,1.0,synthetic-eval-v1
0.62,0.0,1.0,synthetic-eval-v1
0.61,0.0,1.0,synthetic-eval-v1
0.6,0.0,1.0,synthetic-eval-v1
0.59,0.0,1.0,synthetic-eval-v1
0.5800000000000001,0.0,1.0,synthetic-eval-v1
0.5700000000000001,0.0,1.0,synthetic-eval-v1
0.56,0.0,1.0,synthetic-eval-v1
0.55,0.0,1.0,synthetic-eval-v1
0.54,0.0,1.0,synthetic-eval-v1
0.53,0.0,1.0,synthetic-eval-v1
0.52,0.0,1.0,synthetic-eval-v1
0.51,0.0,1.0,synthetic-eval-v1
0.5,0.0,1.0,synthetic-eval-v1
0.49,0.0,1.0,synthetic-eval-v1
0.48,0.0,1.0,synthetic-eval-v1
0.47,0.0,1.0,synthetic-eval-v1
0.45999999999999996,0.0,1.0,synthetic-eval-v1
0.44999999999999996,0.0,1.0,synthetic-eval-v1
0.43999999999999995,0.0,1.0,synthetic-eval-v1
0.42999999999999994,0.0,1.0,synthetic-eval-v1
0.42000000000000004,0.0,1.0,synthetic-eval-v1
0.41000000000000003,0.0,1.0,synthetic-eval-v1
0.4,0.0,1.0,synthetic-eval-v1
0.39,0.0,1.0,synthetic-eval-v1
0.38,0.0,1.0,synthetic-eval-v1
0.37,0.0,1.0,synthetic-eval-v1
0.36,0.0,1.0,synthetic-eval-v1
0.35,0.0,1.0,synthetic-eval-v1
0.33999999999999997,0.0,1.0,synthetic-eval-v1
0.32999999999999996,0.0,1.0,synthetic-eval-v1
0.31999999999999995,0.0,1.0,synthetic-eval-v1
0.30999999999999994,0.0,1.0,synthetic-eval-v1
0.29999999999999993,0.0,1.0,synthetic-eval-v1
0.29000000000000004,0.0,1.0,synthetic-eval-v1
0.28,0.0,1.0,synthetic-eval-v1
0.27,0.0,1.0,synthetic-eval-v1
0.26,0.0,1.0,synthetic-eval-v1
0.25,0.0,1.0,synthetic-eval-v1
0.24,0.0,1.0,synthetic-eval-v1
0.22999999999999998,0.0,1.0,synthetic-eval-v1
0.21999999999999997,0.0,1.0,synthetic-eval-v1
0.20999999999999996,0.0,1.0,synthetic-eval-v1
0.19999999999999996,0.0,1.0,synthetic-eval-v1
0.18999999999999995,0.0,1.0,synthetic-eval-v1
0.17999999999999994,0.0,1.0,synthetic-eval-v1
0.16999999999999993,0.0,1.0,synthetic-eval-v1
0.16000000000000003,0.0,1.0,synthetic-eval-v1
0.15000000000000002,0.0,1.0,synthetic-eval-v1
0.14,0.0,1.0,synthetic-eval-v1
0.13,0.0,1.0,synthetic-eval-v1
0.12,0.0,1.0,synthetic-eval-v1
0.10999999999999999,0.0,1.0,synthetic-eval-v1
0.09999999999999998,0.0,1.0,synthetic-eval-v1
0.08999999999999997,0.0,1.0,synthetic-eval-v1
0.07999999999999996,0.00909090909090909,1.0,synthetic-eval-v1
0.06999999999999995,0.045454545454545456,1.0,synthetic-eval-v1
0.05999999999999994,0.21818181818181817,1.0,synthetic-eval-v1
0.04999999999999993,0.4636363636363636,1.0,synthetic-eval-v1
0.040000000000000036,1.0,1.0,synthetic-eval-v1
0.030000000000000027,1.0,1.0,synthetic-eval-v1
0.020000000000000018,1.0,1.0,synthetic-eval-v1
0.010000000000000009,1.0,1.0,synthetic-eval-v1
0.0,1.0,1.0,synthetic-eval-v1
